0	-352.8119149050123
1	-354.26866440780157
2	-362.3156087288566
3	-362.07866325288416
4	-516.7383544301048
5	-514.9733450585187
6	-577.895657173345
7	-572.9829705606336
8	-593.0015240354809
9	-587.9337679729011
10	-713.5315312950348
11	-710.1962320658043
12	-757.607111251333
13	-752.4807431937309
14	-758.8712447928626
15	-755.2399895895302
16	-835.9101647280744
17	-832.5807052256404
18	-831.1565238977912
19	-828.4090293234322
20	-788.4799491748852
21	-784.9965895072385
22	-853.656133017403
23	-852.1637995361165
24	-923.2422291490617
25	-920.3143244603601
26	-889.6945428725512
27	-887.8314025151782
28	-889.040200363886
29	-887.2415343356089
30	-915.4683437932363
31	-913.4437530125577
32	-920.2815111181885
33	-917.738848312243
34	-940.6594225112461
35	-939.081625623793
36	-936.0858357172673
37	-934.4851819317162
38	-984.932557187349
39	-980.2743570868644
40	-948.8098994384296
41	-947.1524179436624
42	-971.100041129123
43	-968.0922819276228
44	-1000.6321946647149
45	-999.4906887856872
46	-987.1197202960024
47	-983.1333127116735
48	-998.9940011215303
49	-994.7872201445724
50	-1059.462317365282
51	-1056.2640423385733
52	-1076.5634804055273
53	-1074.9319573550874
54	-1171.0904825019068
55	-1170.7827898107482
56	-1104.7303729880782
57	-1102.8379934264944
58	-1164.0359019276177
59	-1160.0493190179607
60	-1237.666551877455
61	-1233.8327946240113
62	-1097.272852084209
63	-1093.0761944110996
64	-1234.6845716141493
65	-1229.5401804608907
66	-1171.0477633489695
67	-1167.1557068872141
68	-1268.403552907075
69	-1266.542319870555
70	-1234.5476542045521
71	-1229.925331673508
72	-1246.3436207746965
73	-1242.952929853136
74	-1306.0283228765536
75	-1300.2782252347533
76	-1294.5428379877142
77	-1287.2027860812664
78	-1337.3829434964973
79	-1333.5874418821222
80	-1369.9227134978837
81	-1366.9677380760108
82	-1381.0382090805401
83	-1371.640749322182
84	-1347.605739748194
85	-1343.2454545106057
86	-1408.4243078027214
87	-1406.2713583215157
88	-1499.1182736775488
89	-1495.0698203121322
90	-1355.6382476944223
91	-1349.7410899285105
92	-1384.2888434659194
93	-1382.1790038766276
94	-1428.2651270636673
95	-1422.051829553651
96	-1481.5368099609711
97	-1478.3531081006797
98	-1412.0065027878925
99	-1407.1844669647946
100	-1466.8668471043266
101	-1464.0291413496363
102	-1451.3297091025065
103	-1446.7798081045405
104	-1411.8566389551318
105	-1408.27651878588
106	-1441.5132157932917
107	-1438.1219473091928
108	-1407.0804244347337
109	-1403.2348687806634
110	-1520.9852067228358
111	-1510.890919333412
112	-1546.7164431164933
113	-1541.9993570584297
114	-1477.1038707430043
115	-1467.7708722371792
116	-1447.1744562511587
117	-1441.3118002582303
118	-1541.6277124970281
119	-1537.153537672173
120	-1521.0946957162619
121	-1517.7840785490043
122	-1525.6300585245724
123	-1520.9499115933847
124	-1516.378446145238
125	-1510.483351955362
126	-1549.300799367469
127	-1542.717926508345
128	-1607.6363103757405
129	-1603.094642050834
130	-1590.8118567020836
131	-1586.974064930698
132	-1631.4006523235157
133	-1624.1874305368547
134	-1567.4316874068084
135	-1562.0750974907737
136	-1628.7392424163788
137	-1621.768892911172
138	-1638.934244225936
139	-1635.253511372402
140	-1696.495979075639
141	-1690.7052375730952
142	-1588.5981583355326
143	-1585.1057971276211
144	-1590.9056954464754
145	-1588.6835676045268
146	-1651.9884291958492
147	-1647.3700831481092
148	-1652.7627871256939
149	-1647.6202629890433
150	-1618.6229861829884
151	-1613.5133980202834
152	-1666.4117640619866
153	-1660.1409002857445
154	-1574.641586217222
155	-1568.5962182490666
156	-1657.230738574752
157	-1652.2389547171076
158	-1681.4524470642702
159	-1676.570030223798
160	-1553.883578744859
161	-1549.965528525789
162	-1679.2994711307476
163	-1668.9205056884318
164	-1675.3802828008209
165	-1672.3110517235125
166	-1663.5416304358362
167	-1656.8999877659196
168	-1699.3668811923485
169	-1691.836457962966
170	-1679.4245432038033
171	-1672.406202763674
172	-1688.0565089345355
173	-1682.2447367569257
174	-1650.4226865451599
175	-1645.7779633000202
176	-1721.3810939827433
177	-1715.683608656645
178	-1690.3224680897488
179	-1683.1382690381165
180	-1703.4577603922096
181	-1697.0108056109264
182	-1682.9230101256749
183	-1676.8045515199296
184	-1761.4208392223293
185	-1755.7817529335925
186	-1697.0092554971957
187	-1689.8421010337431
188	-1701.8291015052746
189	-1697.8189446424105
190	-1704.3084396951692
191	-1699.6430344159066
192	-1739.1612471314866
193	-1734.0888283951226
194	-1687.65318083722
195	-1679.23480671058
196	-1759.526388178877
197	-1754.8993515920242
198	-1718.5340630810408
199	-1711.6994347445018
200	-1695.1473989025064
201	-1686.3298993685262
202	-1665.0298772223975
203	-1658.9705460237997
204	-1714.0432924479983
205	-1710.318668524332
206	-1719.97307248349
207	-1716.3073867759274
208	-1740.9785012625434
209	-1735.1114150600527
210	-1733.4882396018102
211	-1727.454448661615
212	-1753.7444188139532
213	-1747.8105413481578
214	-1742.343249417753
215	-1731.6475244574629
216	-1740.361025146206
217	-1738.427535142854
218	-1710.2814541326281
219	-1704.873286541258
220	-1741.4655391727467
221	-1733.1088336835799
222	-1707.9462853666735
223	-1704.3152891571267
224	-1740.0364877539785
225	-1736.668965011835
226	-1710.07495882348
227	-1705.5367665736749
228	-1731.707654459658
229	-1728.2044878986424
230	-1767.2934758727724
231	-1754.1060358864431
232	-1764.4336778341199
233	-1759.897831906057
234	-1733.6762885631676
235	-1730.0751584425338
236	-1743.9086349962047
237	-1736.8748448574574
238	-1743.330045419194
239	-1734.9896935471684
240	-1782.00087577987
241	-1776.4513304231648
242	-1724.957232473167
243	-1718.6483724049504
244	-1663.9757910805445
245	-1658.5796315119183
246	-1713.456615184949
247	-1707.3448284000974
248	-1741.1496771458374
249	-1730.7372419823594
250	-1764.2261518059358
251	-1758.4443102210184
252	-1697.0467036861144
253	-1692.5455363866758
254	-1781.3075495901064
255	-1774.0530250369197
256	-1758.8047686840528
257	-1752.741062688993
258	-1740.8541634719093
259	-1735.0812279591894
260	-1725.4475369110635
261	-1719.744016878499
262	-1751.0469251346287
263	-1747.1717771277943
264	-1753.0396155735796
265	-1744.4840893541736
266	-1690.8651252472232
267	-1687.6827036033508
268	-1796.2151907982243
269	-1784.5226534965454
270	-1751.2759277082246
271	-1747.688948258199
272	-1740.4233000551696
273	-1734.6248435112
274	-1753.4583075849723
275	-1748.8439709223173
276	-1780.365072875182
277	-1774.8975896286574
278	-1767.547643074264
279	-1760.8661503268331
280	-1770.7388227080742
281	-1764.5996620618394
282	-1790.6630608485316
283	-1784.8511245093905
284	-1793.1319179686418
285	-1789.7138256465983
286	-1747.4688309929386
287	-1744.991885613329
288	-1742.221625563593
289	-1737.8274959638447
290	-1762.0314965259422
291	-1758.0801756056858
292	-1736.7595568779582
293	-1729.8673737010622
294	-1789.1626016240698
295	-1785.1895398344632
296	-1761.693718965002
297	-1755.3284575554246
298	-1788.7047118672958
299	-1774.077226281025
300	-1823.299151568078
301	-1817.5588443786382
302	-1818.8482596656108
303	-1806.8611529168888
304	-1699.1231725337461
305	-1686.7750099479767
306	-1738.8580108160506
307	-1735.5905670855943
308	-1695.2230355314273
309	-1693.0944708948891
310	-1759.1195772842657
311	-1752.8022571372362
312	-1730.9494594406763
313	-1728.2966697662735
314	-1736.311510302312
315	-1727.23105087032
316	-1743.9335671151505
317	-1741.7167048759502
318	-1787.2082090901804
319	-1779.772407870659
320	-1751.3410901076456
321	-1746.7700858802552
322	-1785.9338629521287
323	-1782.917831234876
324	-1794.7444076022887
325	-1790.868591665055
326	-1782.227834818987
327	-1777.1726716532
328	-1721.3242317539678
329	-1716.1076885365674
330	-1818.2949494886357
331	-1809.3944016277771
332	-1775.5833459478258
333	-1771.0629940974989
334	-1714.579524243327
335	-1709.2435799854632
336	-1787.7182917389948
337	-1780.1723919970414
338	-1801.7820375691847
339	-1791.7026677958725
340	-1774.6816276022007
341	-1771.0579841354697
342	-1784.9951506653176
343	-1776.5985738928853
344	-1756.3591176263722
345	-1752.890027891625
346	-1771.473388692918
347	-1763.8432625281425
348	-1792.1346685453013
349	-1787.0700235323154
350	-1784.4839757397879
351	-1779.9660032127088
352	-1820.9302576126138
353	-1810.4952443649847
354	-1774.2991679236923
355	-1772.6330809889237
356	-1753.9653837025623
357	-1747.9824560863076
358	-1767.2361657304532
359	-1761.616086473775
360	-1781.3598273833238
361	-1775.855873315695
362	-1800.836993232938
363	-1795.0948837283672
364	-1778.582669297778
365	-1770.9173424125263
366	-1770.71885398203
367	-1766.2148513148998
368	-1755.6872046753842
369	-1747.7741963908707
370	-1756.4735560143306
371	-1751.0727106048566
372	-1751.887078652054
373	-1745.7423009288539
374	-1734.6835956683947
375	-1728.8776442693859
376	-1774.0613664008833
377	-1770.483236136045
378	-1780.143862112358
379	-1767.006610710176
380	-1767.0540880888275
381	-1760.3099431895664
382	-1810.1840833312308
383	-1802.464332406763
384	-1757.0284781729563
385	-1751.3218605683037
386	-1781.661978547985
387	-1775.3150220477964
388	-1773.2738141102293
389	-1764.653747583355
390	-1776.1189074201109
391	-1769.1782935732124
392	-1762.9340041369135
393	-1760.8630851145813
394	-1775.6057502382075
395	-1767.6845225422203
396	-1828.5396782543166
397	-1824.2755461304644
398	-1760.8062061084174
399	-1753.022039095144
400	-1746.6998919476507
401	-1739.0988300988286
402	-1770.04377672513
403	-1767.1712219828896
404	-1748.3680402431928
405	-1744.8718105339094
406	-1756.440576819645
407	-1751.3369408676303
408	-1768.8030186533772
409	-1762.7266632362066
410	-1783.571873198969
411	-1778.7063132487588
412	-1747.8155786536493
413	-1744.7145805017772
414	-1815.4810565925459
415	-1809.680750395482
416	-1782.8486740518715
417	-1778.1528980569817
418	-1768.4897325429029
419	-1763.6104340642662
420	-1737.8818344608378
421	-1731.4824405527756
422	-1770.597660077724
423	-1762.9873794709513
424	-1799.3613170654041
425	-1795.9491220120233
426	-1754.7946400493013
427	-1748.3871861259804
428	-1804.6698134509359
429	-1799.7003098562616
430	-1816.2243245458346
431	-1807.1517505928869
432	-1828.4580122666607
433	-1820.1101262729542
434	-1796.4205402980213
435	-1784.9545318670175
436	-1776.5716901093283
437	-1769.8824517585183
438	-1791.0576166178187
439	-1787.0734290815508
440	-1778.0049179870916
441	-1768.2862539687444
442	-1783.2711464347044
443	-1778.4528152199516
444	-1789.2444852092171
445	-1783.581113263757
446	-1788.8461192571422
447	-1783.5817674998195
448	-1786.7381877034913
449	-1780.0224144969252
450	-1785.476292913241
451	-1778.0733211692313
452	-1785.6934193741963
453	-1778.369668580863
454	-1731.7714457177628
455	-1725.2186526088722
456	-1784.2647467868856
457	-1773.6896062958244
458	-1765.905893804077
459	-1758.0256263465133
460	-1804.7189943257476
461	-1798.8939240548143
462	-1764.841420727387
463	-1755.2561355485234
464	-1773.9626831765831
465	-1769.9436785113842
466	-1779.1559101885648
467	-1770.8360891818786
468	-1748.4396508344962
469	-1741.9399871967078
470	-1781.3176904244297
471	-1774.804751960263
472	-1764.578995300427
473	-1758.2702900362267
474	-1752.4205485113719
475	-1745.6420131794837
476	-1778.2685596995575
477	-1773.6760192203838
478	-1748.191044150925
479	-1740.1238834007988
480	-1786.389452158813
481	-1778.7218850269828
482	-1777.8846490375122
483	-1773.1239535577972
484	-1793.1299702831407
485	-1784.2578338502567
486	-1803.492147249702
487	-1797.562403867735
488	-1808.3288853387858
489	-1802.0800060529123
490	-1799.0162226923965
491	-1795.2204594820223
492	-1793.982865284883
493	-1787.9070738893652
494	-1789.7465148775573
495	-1778.5265006556442
496	-1763.3651427089226
497	-1757.5628144848476
498	-1741.8116616944853
499	-1735.7572502874314
500	-1807.0699187337127
501	-1804.488364035197
502	-1772.751371914733
503	-1763.0968681320112
504	-1749.7933523666945
505	-1744.5063137415248
506	-1767.9070957989484
507	-1763.8675751833357
508	-1766.6446686841523
509	-1762.0223965001135
510	-1785.560811898868
511	-1780.80446446005
512	-1784.373240891959
513	-1780.1303475552195
514	-1790.87678943519
515	-1788.0144537696729
516	-1803.6963681047403
517	-1795.8911008539685
518	-1769.202982419241
519	-1764.9584793701454
520	-1788.5851582395092
521	-1785.9746234646268
522	-1781.0522311630966
523	-1773.765152830727
524	-1791.7765511564644
525	-1788.1417184713403
526	-1790.0873267599904
527	-1782.1371314070047
528	-1803.2532093454938
529	-1799.1755605558528
530	-1785.2820423783594
531	-1779.7359090244345
532	-1765.2558470586168
533	-1761.2189246820708
534	-1786.6566813771544
535	-1780.4033290078378
536	-1800.942031934948
537	-1798.0461233617693
538	-1781.69199106855
539	-1773.584065135843
540	-1778.1778428653702
541	-1767.0361754602864
542	-1759.2846093109795
543	-1755.5174828608033
544	-1801.6124602055606
545	-1795.8541224800126
546	-1792.1312730785119
547	-1781.831173568906
548	-1817.4203883731498
549	-1812.2283277646873
550	-1781.4137025760833
551	-1775.8308257095246
552	-1780.1511078180483
553	-1769.96239615465
554	-1787.3719569858392
555	-1785.241168438849
556	-1788.2580544268683
557	-1782.1893285060194
558	-1783.020579494117
559	-1775.3724015376927
560	-1806.0397835554445
561	-1801.3895758189474
562	-1791.0972468622983
563	-1786.9090012171887
564	-1777.733426637605
565	-1767.5340676979372
566	-1771.9750684726037
567	-1763.1401201271417
568	-1792.1552010559017
569	-1786.8359956817292
570	-1770.3815891388604
571	-1763.7567938900281
572	-1774.5814281991843
573	-1769.2598260749073
574	-1788.4348898106543
575	-1783.8226280048907
576	-1788.810108291372
577	-1784.5030874160416
578	-1791.2323614638708
579	-1783.4408890244226
580	-1789.327947375014
581	-1784.507501924587
582	-1776.9138635531517
583	-1771.0734328403921
584	-1816.2641174139192
585	-1813.8650622290058
586	-1794.5070707145462
587	-1789.954438478945
588	-1817.5813753851498
589	-1811.1836275308065
590	-1804.0116337300865
591	-1794.4448949068667
592	-1803.807384761406
593	-1796.6695774324448
594	-1788.319666729851
595	-1782.096269350262
596	-1802.4582452542968
597	-1799.471329852418
598	-1813.4242819635626
599	-1808.0031637594936
600	-1802.5964815819234
601	-1797.2909575735644
602	-1806.6093762155695
603	-1800.7343583954068
604	-1790.911297687403
605	-1785.7792064913288
606	-1785.712699641928
607	-1780.8276085390885
608	-1806.813531481418
609	-1799.4752104447994
610	-1799.6799301108208
611	-1796.9437158479186
612	-1772.7065729438802
613	-1768.2811942021874
614	-1780.731862450491
615	-1776.0226653385184
616	-1796.6964891983218
617	-1793.9804022071974
618	-1749.9201000418725
619	-1746.087333744049
620	-1776.2826710783454
621	-1773.9718281809132
622	-1772.6180761207831
623	-1766.0854783776501
624	-1791.7930980285314
625	-1783.8179455800212
626	-1784.2668506869263
627	-1779.37586553444
628	-1821.7634370936091
629	-1812.0432144703923
630	-1787.3378275706668
631	-1784.9961665291721
632	-1788.7786743755214
633	-1783.9346862855596
634	-1770.1514149793663
635	-1761.366745055776
636	-1787.4844277804134
637	-1781.5472446491972
638	-1789.3347681709959
639	-1782.5007906250178
640	-1808.4905546942964
641	-1805.0847389793826
642	-1799.47118652645
643	-1792.0314993575435
644	-1799.6374189277196
645	-1793.1816454537372
646	-1800.2289121928554
647	-1794.7434407535197
648	-1800.6488623648258
649	-1795.3920406763464
650	-1812.2329926243083
651	-1807.4547214672682
652	-1804.1209294576945
653	-1798.5777762866392
654	-1804.112477434562
655	-1796.8242271380207
656	-1778.9665670930444
657	-1773.216724882563
658	-1780.4758417227165
659	-1775.6379799137028
660	-1802.4818952346402
661	-1794.7535950067575
662	-1782.404071354068
663	-1775.9880080471153
664	-1768.325911141197
665	-1762.91397855088
666	-1769.315659336966
667	-1764.653754623868
668	-1773.5814959968616
669	-1765.4082744528234
670	-1800.1984416872388
671	-1792.1682130033676
672	-1774.6408826429558
673	-1770.4461313170843
674	-1794.0989024700011
675	-1790.1999613066691
676	-1786.1123925095167
677	-1776.1346178192541
678	-1786.453318158056
679	-1782.6823324171996
680	-1784.9347044058288
681	-1779.075941600988
682	-1761.8744996124751
683	-1758.7873182535488
684	-1745.417914588691
685	-1741.0565287460358
686	-1752.6331789269213
687	-1744.8664587694989
688	-1775.02309703115
689	-1767.9594772662613
690	-1786.789952186325
691	-1780.7220236187027
692	-1754.2085381015388
693	-1745.090886595901
694	-1799.0852202551546
695	-1794.156052338531
696	-1781.851072898258
697	-1779.6226813487215
698	-1773.7688968396235
699	-1763.4473529193024
700	-1804.6938245114632
701	-1796.0948008970934
702	-1775.377055557676
703	-1769.525381898222
704	-1790.2748197695532
705	-1784.9908251681497
706	-1769.6055308686903
707	-1763.0965371482555
708	-1760.469943895437
709	-1754.2356214393155
710	-1786.0675126681756
711	-1778.2520902174083
712	-1789.3032288201034
713	-1786.7705367828257
714	-1781.7283115998919
715	-1777.6504227945998
716	-1774.8557492374086
717	-1767.8081833050137
718	-1770.870359643902
719	-1762.456680959462
720	-1768.6923293734185
721	-1766.0957649821996
722	-1784.8319177378155
723	-1781.067208898783
724	-1774.7574703495204
725	-1767.6533264489078
726	-1769.768861591263
727	-1763.4571689701124
728	-1756.718300108142
729	-1748.3829757498754
730	-1755.3830959077493
731	-1747.8728615298323
732	-1751.1822699242778
733	-1744.3429310947186
734	-1716.1404978673042
735	-1712.0456422568418
736	-1738.5078634367367
737	-1732.4045417975815
738	-1737.5919406229693
739	-1730.6172386636501
740	-1725.052957006003
741	-1720.5688069803084
742	-1752.0978581013094
743	-1748.9124556355498
744	-1741.7144685178177
745	-1734.113883116406
746	-1714.400809202272
747	-1712.32323050893
748	-1741.0052772494403
749	-1737.1660553870652
750	-1758.3960372671456
751	-1756.8730424872754
752	-1784.4430417034062
753	-1777.987564781279
754	-1770.7078909919633
755	-1764.4694362238095
756	-1759.9862779943537
757	-1755.818853925203
758	-1777.7290900835492
759	-1770.262509030779
760	-1761.7973323378362
761	-1753.7865305873086
762	-1752.5366120680121
763	-1741.7816805470313
764	-1745.524705166184
765	-1740.0374956948665
766	-1737.1135855752068
767	-1732.2002143561926
768	-1770.8035450965897
769	-1767.316502004153
770	-1753.1738529658278
771	-1744.7970790928525
772	-1795.3791354114253
773	-1789.3292466777004
774	-1785.507420891265
775	-1783.1620064547922
776	-1792.9030115075764
777	-1787.829696469481
778	-1744.699983844726
779	-1739.6195181023627
780	-1758.3896267910256
781	-1755.7850027578702
782	-1764.5634521750624
783	-1755.743374217458
784	-1766.9574760853618
785	-1762.530428344872
786	-1782.5667605440872
787	-1776.650425939209
788	-1761.353153270958
789	-1756.972989617377
790	-1790.7216776714479
791	-1783.7142152799456
792	-1786.2194611704272
793	-1783.325213973543
794	-1789.9712108202968
795	-1781.592222087122
796	-1792.278987867213
797	-1785.4910951992815
798	-1807.1534806769141
799	-1804.3885785820858
800	-1797.2973829345806
801	-1792.9790806500814
802	-1790.1553231466314
803	-1785.6109197403941
804	-1794.2496940681283
805	-1789.5875915717604
806	-1785.512190176176
807	-1780.9804381331796
808	-1801.0283443407047
809	-1796.0440460078385
810	-1798.0777595258319
811	-1793.7741399277916
812	-1809.210536494215
813	-1802.2282788623174
814	-1780.377191023851
815	-1776.0837161303452
816	-1789.084675540154
817	-1783.364299542624
818	-1783.7691768878065
819	-1774.9598113075515
820	-1792.5957268018658
821	-1787.0451922701423
822	-1793.1151017444402
823	-1784.1352855344016
824	-1805.8980023867682
825	-1798.9692636122718
826	-1821.403810455512
827	-1817.261798038633
828	-1803.903564516767
829	-1796.6283877641627
830	-1797.558630971547
831	-1792.1386582090277
832	-1798.5836774664706
833	-1789.935134817877
834	-1769.8527785469664
835	-1757.6648947587298
836	-1798.036597575744
837	-1791.7147013756678
838	-1797.4549874018403
839	-1786.8775597746974
840	-1785.260864884066
841	-1782.2328348428928
842	-1761.5112784375985
843	-1757.4295993233598
844	-1771.6606346437452
845	-1766.9291191448028
846	-1781.1374480406191
847	-1775.7751976763345
848	-1813.0026938107758
849	-1806.9664677532733
850	-1807.643518407823
851	-1802.1509678057512
852	-1782.9856096725955
853	-1774.508485661256
854	-1792.1929646817655
855	-1786.8578720808084
856	-1786.3224183243867
857	-1783.0975789341185
858	-1813.5836222088928
859	-1805.3656519099638
860	-1785.0910643503414
861	-1780.628287369587
862	-1797.0357357186392
863	-1791.4920910146425
864	-1790.2116255276278
865	-1783.453409987927
866	-1785.4798368390514
867	-1784.0536515852295
868	-1799.4917150327385
869	-1793.5334303898012
870	-1786.2390089338276
871	-1782.137805267621
872	-1801.2022531283421
873	-1792.0801450239653
874	-1794.6408196785285
875	-1788.1367030485842
876	-1782.0727576436311
877	-1775.4273856086381
878	-1789.6489330956865
879	-1783.657755240421
880	-1812.8378539729276
881	-1806.957206975283
882	-1807.602031880334
883	-1803.9606287611925
884	-1790.0249991394542
885	-1784.749239525276
886	-1795.8576030518525
887	-1792.0893555485122
888	-1798.367871234346
889	-1792.3327429761675
890	-1786.3237068482683
891	-1779.9935745604837
892	-1788.6299087444454
893	-1785.3677801169667
894	-1785.8812983180972
895	-1781.2649036828932
896	-1798.5016783176768
897	-1793.1212873047336
898	-1799.295275103532
899	-1792.6869799711667
900	-1811.7099189353812
901	-1806.2875809535892
902	-1763.0428821819985
903	-1756.0252861780857
904	-1774.5327664495594
905	-1769.9800223608258
906	-1763.1923732436542
907	-1758.793482378232
908	-1761.4406488528732
909	-1756.9007339727405
910	-1759.4738153128533
911	-1753.390380421071
912	-1780.2785468419606
913	-1774.7441549843945
914	-1757.2593391016824
915	-1754.5219970735777
916	-1760.495342658128
917	-1757.7355229753873
918	-1757.8966192397606
919	-1754.3952108001558
920	-1785.046164616895
921	-1780.7590999239908
922	-1790.993391809211
923	-1788.5454942185663
924	-1779.7467442406573
925	-1775.8288840055523
926	-1782.0416068363018
927	-1777.7326954741527
928	-1790.0297240374628
929	-1787.4620359490982
930	-1787.4485564032177
931	-1784.7656248186659
932	-1792.1480472315743
933	-1788.2443911017049
934	-1782.204671408946
935	-1775.7275840083857
936	-1783.0737031129913
937	-1775.841535074001
938	-1775.1013117568607
939	-1771.3012255623257
940	-1783.3089165950166
941	-1774.6973424701105
942	-1804.514743064851
943	-1799.4264359578433
944	-1790.8075159053349
945	-1784.1669134710833
946	-1787.9370890572075
947	-1781.1064411437421
948	-1773.003206570325
949	-1768.3654099789796
950	-1792.2080422399918
951	-1783.6218971817136
952	-1782.937840428107
953	-1777.6935835571594
954	-1783.2719084118453
955	-1779.6622907780568
956	-1785.056323443235
957	-1778.9075196706979
958	-1790.5623334103611
959	-1784.165996638935
960	-1773.2072972121282
961	-1770.7269577941663
962	-1788.4851738924112
963	-1783.2880256958224
964	-1798.4315941316142
965	-1792.0733589116246
966	-1798.686787415723
967	-1790.1248100039286
968	-1802.8367865522616
969	-1797.1309331815764
970	-1799.0232397738657
971	-1792.2698865588509
972	-1801.9039756513216
973	-1796.9701535895192
974	-1776.3903685113626
975	-1774.4163220588202
976	-1810.4667158903142
977	-1804.7486766110367
978	-1810.598935968981
979	-1805.5303798463995
980	-1779.8035085625322
981	-1772.2820353733923
982	-1790.6877990802907
983	-1783.662561952666
984	-1807.2970606259275
985	-1804.1805630749316
986	-1793.3194695477507
987	-1785.7691520798553
988	-1804.3378713466634
989	-1801.200375168971
990	-1814.3784961809783
991	-1803.5520159128348
992	-1801.5697307074229
993	-1795.7388470017695
994	-1798.7951690298264
995	-1793.0978112370117
996	-1793.6511294821248
997	-1785.2248358899965
998	-1790.6515550835506
999	-1783.2750051150936
1000	-1790.3589580875039
1001	-1786.960823741657
1002	-1777.8810687040123
1003	-1773.5648181746556
1004	-1779.3039660503684
1005	-1769.973475825073
1006	-1799.95684441455
1007	-1793.9720624698596
1008	-1764.4587219261987
1009	-1758.3081756081174
1010	-1754.1984608800929
1011	-1747.6894676121692
1012	-1771.2124365178504
1013	-1765.9896580994794
1014	-1749.3959197393583
1015	-1744.1835479855204
1016	-1754.0073583238445
1017	-1749.7019411776078
1018	-1762.2317344034234
1019	-1755.2829456990917
1020	-1781.4347927018323
1021	-1775.6357859074508
1022	-1784.2950809002778
1023	-1778.8004671089473
1024	-1785.9622723776802
1025	-1784.4226314932373
1026	-1763.3227247405507
1027	-1760.7830650467392
1028	-1762.1730361721286
1029	-1757.1661825594038
1030	-1768.2532557661793
1031	-1762.029194815815
1032	-1754.2037734320354
1033	-1748.910830342183
1034	-1778.6644701017985
1035	-1773.9843006692925
1036	-1765.4730724525139
1037	-1757.951178270347
1038	-1765.6016936693734
1039	-1760.9866276570338
1040	-1791.4873054533482
1041	-1784.4940901581704
1042	-1766.1610936111663
1043	-1759.3488885974518
1044	-1764.4119760309197
1045	-1761.4803853863677
1046	-1773.3302571951567
1047	-1768.572322670744
1048	-1762.850098349428
1049	-1758.362819427245
1050	-1778.7471906327048
1051	-1770.9424873465296
1052	-1778.3809526009209
1053	-1769.3575634287092
1054	-1778.6404282039027
1055	-1771.0985057927821
1056	-1800.189067089186
1057	-1789.776992074347
1058	-1793.5504027301156
1059	-1789.777547003878
1060	-1800.5274221133209
1061	-1796.0972174014955
1062	-1804.9839522173272
1063	-1799.6128500636362
1064	-1804.5693343571784
1065	-1798.6650289193942
1066	-1797.5321045731037
1067	-1794.1207736585056
1068	-1806.6321121231447
1069	-1802.1765931215623
1070	-1808.1635188259852
1071	-1803.9186223092752
1072	-1800.8482312047533
1073	-1795.8038133329696
1074	-1785.914638300584
1075	-1782.303223868607
1076	-1796.746782481082
1077	-1791.1463503732045
1078	-1810.9562515586551
1079	-1806.262371293364
1080	-1799.8705205861047
1081	-1797.304028762714
1082	-1800.3473313575726
1083	-1798.2295315573767
1084	-1797.160982231377
1085	-1794.2523047614716
1086	-1789.9640572743592
1087	-1783.8194613863425
1088	-1795.3360802114155
1089	-1785.6847774309506
1090	-1794.1531569720323
1091	-1789.4497065746223
1092	-1783.9880701760874
1093	-1779.9125107710613
1094	-1779.6746284271549
1095	-1776.7784434923658
1096	-1794.5109763423125
1097	-1786.530269114211
1098	-1780.1387132775233
1099	-1768.931172741347
1100	-1768.7985852557013
1101	-1762.61256180288
1102	-1781.2333599401034
1103	-1776.4617723302767
1104	-1796.394988975392
1105	-1790.1511903388252
1106	-1800.3125671252278
1107	-1792.8371967205564
1108	-1792.3071018785556
1109	-1787.4955147368569
1110	-1784.3898989754173
1111	-1779.0789137253855
1112	-1794.0060910842203
1113	-1785.4499994412201
1114	-1785.5821620733545
1115	-1780.1513817146595
1116	-1776.0928819701355
1117	-1773.4195875720397
1118	-1775.235878364936
1119	-1765.9859898732352
1120	-1772.2255435476102
1121	-1767.3296118496332
1122	-1778.7897132159696
1123	-1774.1032956151057
1124	-1781.7166532963658
1125	-1780.2186884606783
1126	-1773.5287814535757
1127	-1769.458501961415
1128	-1798.424068383158
1129	-1791.6975627250915
1130	-1783.8138540991756
1131	-1779.6523851099341
1132	-1789.8260148045938
1133	-1782.7799852876474
1134	-1790.9411771162993
1135	-1784.2242336114305
1136	-1763.4398520071113
1137	-1760.5616132759972
1138	-1771.6121564793432
1139	-1766.9678789345548
1140	-1778.0592371870393
1141	-1769.6783703959384
1142	-1815.981491935204
1143	-1806.520395489151
1144	-1801.0981056306964
1145	-1794.6577156480496
1146	-1788.3898213909786
1147	-1783.8556148732944
1148	-1785.9213714828938
1149	-1776.5464967556031
1150	-1774.667894587992
1151	-1769.3316190974735
1152	-1776.2942343569741
1153	-1771.9871660293145
1154	-1794.3725207320006
1155	-1790.7324312212095
1156	-1789.059766985917
1157	-1782.4095474814158
1158	-1807.4987449413136
1159	-1798.4223226106806
1160	-1789.8834472236479
1161	-1786.175049826158
1162	-1787.02534499747
1163	-1782.9005862403237
1164	-1801.5672639714728
1165	-1794.7268412311173
1166	-1798.591421018694
1167	-1793.926415274448
1168	-1801.8139629758193
1169	-1796.431670999445
1170	-1792.1720748675132
1171	-1788.4331661122726
1172	-1783.8447309989672
1173	-1778.7614586421748
1174	-1798.6274673576022
1175	-1791.8638443884581
1176	-1805.9559667190156
1177	-1801.615853606752
1178	-1806.2699626211936
1179	-1797.7868174020116
1180	-1808.2511227242996
1181	-1801.9404369349015
1182	-1812.5698923581174
1183	-1802.8276166690043
1184	-1787.773342961345
1185	-1781.2013981779178
1186	-1802.4337600363378
1187	-1796.2678403191878
1188	-1803.7253083468493
1189	-1794.4760554657212
1190	-1781.566130792719
1191	-1775.0400253011883
1192	-1799.695839837778
1193	-1793.6394864845029
1194	-1800.3486841275012
1195	-1791.2065624704928
1196	-1799.196299058543
1197	-1794.098764900369
1198	-1799.9179808741849
1199	-1795.560636578047
1200	-1795.5971989842421
1201	-1793.1859525762807
1202	-1790.711022922453
1203	-1785.4001509146196
1204	-1788.2076904586825
1205	-1774.8718850178054
1206	-1797.1816018609052
1207	-1789.7445399421201
1208	-1782.3008777593652
1209	-1777.9261394836199
1210	-1786.118245679702
1211	-1779.737289296893
1212	-1790.3410561771084
1213	-1786.8780729591672
1214	-1790.0137794436052
1215	-1784.5069664363175
1216	-1781.7226123989847
1217	-1776.7243940548788
1218	-1802.1227359120746
1219	-1793.1875955443822
1220	-1817.5454838094786
1221	-1809.9685050027344
1222	-1801.3853224084392
1223	-1797.1266639022647
1224	-1783.520622489457
1225	-1777.289705699008
1226	-1798.9302669698113
1227	-1793.704269706186
1228	-1801.096277804632
1229	-1797.5353497439014
1230	-1804.2432332171495
1231	-1799.9985647019303
1232	-1790.6431451312735
1233	-1785.2913163087821
1234	-1791.669504466259
1235	-1787.4324861056084
1236	-1781.211477251202
1237	-1774.4165777330566
1238	-1803.6074846325102
1239	-1796.1793646095002
1240	-1794.237581877008
1241	-1788.0750477816346
1242	-1806.7671309684113
1243	-1801.6707622007655
1244	-1784.1428403266325
1245	-1779.6220440623947
1246	-1791.8604337246309
1247	-1785.21655352314
1248	-1777.6693311592642
1249	-1772.8935181720285
1250	-1796.4401889592332
1251	-1790.8366677108609
1252	-1798.7078592900464
1253	-1791.607952493266
1254	-1775.0227909572354
1255	-1765.915172150696
1256	-1802.7050644162189
1257	-1798.6967405605026
1258	-1780.9185626603671
1259	-1777.2327420546162
1260	-1788.4738966752639
1261	-1786.2811357845035
1262	-1809.5522002552902
1263	-1804.3876113443011
1264	-1803.7335480167985
1265	-1801.2134379717172
1266	-1791.3868714515404
1267	-1785.8864560334403
1268	-1797.5840692061622
1269	-1794.4961560348688
1270	-1793.1718714738754
1271	-1789.7157494715148
1272	-1788.1226643723246
1273	-1783.8646207211352
1274	-1791.7513276563604
1275	-1788.2727774202501
1276	-1796.4547100101342
1277	-1789.5264621034498
1278	-1799.5046519201094
1279	-1785.0413858006837
1280	-1790.2882533441734
1281	-1782.6517825565027
1282	-1778.7291970128608
1283	-1776.1252742039428
1284	-1776.1164100614053
1285	-1771.5690089325788
1286	-1788.7385665971153
1287	-1782.3428826986428
1288	-1785.8987443504498
1289	-1780.244852419946
1290	-1795.0238988931385
1291	-1785.9114323299139
1292	-1787.4394843215416
1293	-1783.4488852424784
1294	-1793.5853952592427
1295	-1790.181099324461
1296	-1793.695767349557
1297	-1789.3425083795005
1298	-1802.0012710463309
1299	-1796.061636661048
1300	-1800.0445455802485
1301	-1793.3212436278923
1302	-1795.6174618545324
1303	-1791.5182937586653
1304	-1797.437191711121
1305	-1789.4793462585424
1306	-1815.4048347328876
1307	-1809.9553555678674
1308	-1799.7572939804347
1309	-1796.7188392252424
1310	-1816.9435033792777
1311	-1809.3526934881043
1312	-1806.4001836998139
1313	-1801.2553363777156
1314	-1819.3535982978217
1315	-1815.4838091681993
1316	-1803.0073084989567
1317	-1795.3724635509911
1318	-1806.8959345713172
1319	-1801.0805496538153
1320	-1809.001147780113
1321	-1803.5778811904697
1322	-1805.0775174507976
1323	-1800.338193595294
1324	-1777.6057052927179
1325	-1771.7485657850384
1326	-1797.5093023266845
1327	-1793.0972361183128
1328	-1794.7956533246452
1329	-1789.9625579012982
1330	-1799.511728713823
1331	-1795.4661233415475
1332	-1819.165621668181
1333	-1813.1629342009821
1334	-1781.3644807567941
1335	-1769.7775812681755
1336	-1782.652556206479
1337	-1780.0680469798697
1338	-1787.989105043097
1339	-1784.1734443106893
1340	-1801.0882094424967
1341	-1797.541945363446
1342	-1803.2619774260709
1343	-1795.738795479037
1344	-1816.6816192306037
1345	-1811.7318545155506
1346	-1808.9146397453926
1347	-1801.2950899841621
1348	-1814.9088581645212
1349	-1808.0507832984058
1350	-1806.825089732561
1351	-1800.4280753748385
1352	-1817.982449593675
1353	-1812.7349029683808
1354	-1813.8600252077204
1355	-1806.4459877076438
1356	-1811.8581341915851
1357	-1806.9342003338593
1358	-1802.267857486383
1359	-1796.433640468952
1360	-1799.9892476074363
1361	-1794.5744642595344
1362	-1781.5756771978008
1363	-1775.38668059395
1364	-1793.0023799317848
1365	-1790.9144279864138
1366	-1805.0889738015737
1367	-1799.8327188742617
1368	-1803.2010166955915
1369	-1796.139223726031
1370	-1800.6555463858535
1371	-1793.7057364825016
1372	-1810.071453856598
1373	-1805.6263754043614
1374	-1794.4411608122332
1375	-1786.2473244907228
1376	-1797.612502593646
1377	-1793.1365071771286
1378	-1795.925519916965
1379	-1791.496741594008
1380	-1814.786124935666
1381	-1809.6720481353295
1382	-1827.012073899869
1383	-1822.2247723760051
1384	-1805.9309846642088
1385	-1799.5520309506417
1386	-1799.7103178857221
1387	-1796.0472344842221
1388	-1803.9076739035272
1389	-1798.7986781064437
1390	-1806.0606336096648
1391	-1801.0635394132235
1392	-1788.8190744971625
1393	-1779.936690750824
1394	-1772.0521179374189
1395	-1767.9870705282449
1396	-1780.5545479491236
1397	-1776.374183128495
1398	-1767.2254956967893
1399	-1761.378486720291
1400	-1752.5435833635333
1401	-1744.7915991995817
1402	-1772.790231499056
1403	-1767.7207389415307
1404	-1763.2739615098185
1405	-1758.7684580156279
1406	-1781.8856504303549
1407	-1779.7374755068558
1408	-1767.536829316824
1409	-1761.221099151565
1410	-1798.7649016327866
1411	-1796.5808334859123
1412	-1784.101489525563
1413	-1780.9428345366202
1414	-1778.1322986899208
1415	-1773.642529294297
1416	-1774.6492026654364
1417	-1769.0583996608523
1418	-1792.0673558237263
1419	-1787.3764696673445
1420	-1796.6907272851358
1421	-1789.640087376814
1422	-1790.3447665324359
1423	-1783.181125283344
1424	-1792.258109969212
1425	-1787.2838145791382
1426	-1769.949920088807
1427	-1764.6203001912604
1428	-1779.2734724470786
1429	-1773.6078563714964
1430	-1792.2730854746546
1431	-1785.3478921722322
1432	-1785.101962181781
1433	-1780.3001832811842
1434	-1777.181149171448
1435	-1771.782433383659
1436	-1795.4377432379122
1437	-1789.6919479785665
1438	-1786.9613515440237
1439	-1782.108348895374
1440	-1786.501048534141
1441	-1780.0473470925906
1442	-1800.4982708108937
1443	-1793.652572778487
1444	-1777.2151319855623
1445	-1774.7951151755572
1446	-1796.9582876014829
1447	-1788.6470404965526
1448	-1809.6765535369657
1449	-1807.8894800495218
1450	-1803.7848026749714
1451	-1793.002784825564
1452	-1792.4323848018078
1453	-1787.1841784206865
1454	-1775.495436085532
1455	-1767.3131199415034
1456	-1778.7677522304837
1457	-1769.4829297008312
1458	-1803.6756985083384
1459	-1796.4218936258942
1460	-1782.278904729196
1461	-1777.1984116293443
1462	-1785.3679050598275
1463	-1780.7014651438308
1464	-1784.2099465248427
1465	-1778.8309997646265
1466	-1808.341034551094
1467	-1804.909994489558
1468	-1826.319382429356
1469	-1819.0988119797528
1470	-1786.221709511523
1471	-1780.7108177497219
1472	-1774.902186942494
1473	-1771.04842840782
1474	-1794.4853734447559
1475	-1788.943852532514
1476	-1798.4388658849984
1477	-1792.210328713672
1478	-1789.2593077735949
1479	-1786.8690216765453
1480	-1793.1048898744305
1481	-1787.405492764963
1482	-1789.7215382937025
1483	-1785.4290119402976
1484	-1789.6599911303083
1485	-1784.2322663506582
1486	-1783.8945596499043
1487	-1776.1643775421599
1488	-1785.7617793467532
1489	-1781.6822110449525
1490	-1781.4699578617929
1491	-1778.1394036432725
1492	-1772.6389580808943
1493	-1768.706102802982
1494	-1776.5875468154438
1495	-1774.5182110979724
1496	-1775.6701960226749
1497	-1768.0611307270003
1498	-1758.3546390322595
1499	-1749.207193891287
1500	-1726.7021883308748
1501	-1722.425630519808
1502	-1755.698442907482
1503	-1751.510457842113
1504	-1727.1455446852576
1505	-1722.8505725426514
1506	-1723.3654242943649
1507	-1716.1279639316563
1508	-1757.2028918376236
1509	-1754.038430305973
1510	-1764.4812944945731
1511	-1759.8508960460829
1512	-1758.134479087145
1513	-1753.293092730306
1514	-1771.4754243567027
1515	-1765.3384930887376
1516	-1761.7452615049326
1517	-1759.2677960739725
1518	-1770.0416594293056
1519	-1766.3723745294506
1520	-1776.534316892958
1521	-1771.5554398418253
1522	-1774.2179966912593
1523	-1768.8776539841565
1524	-1780.8553319886014
1525	-1773.2336044487602
1526	-1757.1444495368094
1527	-1752.8951617584733
1528	-1755.7440396322747
1529	-1753.1455308404607
1530	-1791.8850526230053
1531	-1785.405719056379
1532	-1772.667383989068
1533	-1767.3384541373584
1534	-1743.9263437652285
1535	-1737.1207880409684
1536	-1761.739056044197
1537	-1758.0461224521073
1538	-1759.4745192444748
1539	-1753.6715234781457
1540	-1760.034950174654
1541	-1755.0059726720358
1542	-1763.672587744253
1543	-1755.5058335710162
1544	-1778.2442053386742
1545	-1772.7446933338595
1546	-1783.0984952330607
1547	-1771.011847135314
1548	-1766.6924094950339
1549	-1762.409266273357
1550	-1769.34757357692
1551	-1763.2593091492079
1552	-1769.3049562481867
1553	-1764.6644978003894
1554	-1779.4633030273044
1555	-1771.8709482409502
1556	-1780.6785149559635
1557	-1772.8349315298572
1558	-1793.8044238718562
1559	-1778.8228934484973
1560	-1795.7833881993672
1561	-1792.099255620262
1562	-1793.7528150574562
1563	-1790.4357240054862
1564	-1801.0796940854275
1565	-1797.4631782258646
1566	-1813.833321629398
1567	-1809.5249677940974
1568	-1800.8002053280647
1569	-1790.6143858713958
1570	-1789.6016116646892
1571	-1785.6228477292102
1572	-1798.4618750219347
1573	-1794.0575814058002
1574	-1798.0099980851144
1575	-1789.1482199000757
1576	-1788.3188887767762
1577	-1783.4272006855117
1578	-1792.6879250016584
1579	-1784.9695385919024
1580	-1786.654428716453
1581	-1782.0082083938212
1582	-1792.3136256966206
1583	-1786.2107199158634
1584	-1802.1545477821562
1585	-1797.3115156836118
1586	-1794.0753807736737
1587	-1788.4785478473163
1588	-1804.5513396736542
1589	-1802.3022914815
1590	-1785.8694129676876
1591	-1777.5491946958953
1592	-1780.9337066497485
1593	-1775.950155035276
1594	-1759.7563634253506
1595	-1756.0107304512815
1596	-1778.2698467875255
1597	-1770.194532875656
1598	-1765.46207182063
1599	-1759.7881811671157
1600	-1757.6908226491087
1601	-1753.2921818198117
1602	-1764.850194030596
1603	-1758.6724739524154
1604	-1767.2589246335276
1605	-1761.6306562348786
1606	-1777.4561670962578
1607	-1775.3339218671897
1608	-1782.3803567882776
1609	-1776.352336646835
1610	-1782.3518338334754
1611	-1776.3240847876593
1612	-1765.8132724716718
1613	-1760.901308013282
1614	-1778.8348145000687
1615	-1772.8420765179126
1616	-1787.709019246839
1617	-1782.5362170683638
1618	-1785.3046733206265
1619	-1779.975701322435
1620	-1774.1597353906243
1621	-1767.3646897567876
1622	-1797.314224954706
1623	-1794.5265754091427
1624	-1788.2593128448345
1625	-1785.0609447843458
1626	-1799.4090349731136
1627	-1793.241923133372
1628	-1794.2811202051807
1629	-1788.3554336384968
1630	-1800.035210791421
1631	-1794.931679157193
1632	-1796.6323869212201
1633	-1793.5654704999897
1634	-1806.5474602896757
1635	-1798.6363598609412
1636	-1808.5510930708845
1637	-1803.2004174510225
1638	-1810.5121563344724
1639	-1803.111097596067
1640	-1813.8861148408203
1641	-1808.9568986981822
1642	-1810.415856763768
1643	-1807.0867068773523
1644	-1817.3005138113822
1645	-1812.887722640781
1646	-1810.6195908533061
1647	-1806.207158649678
1648	-1827.9415239927675
1649	-1822.0336917157128
1650	-1807.902073018177
1651	-1802.6359809832288
1652	-1798.1294909336282
1653	-1791.4184370381563
1654	-1803.397434471279
1655	-1799.2280165511293
1656	-1804.17895786377
1657	-1801.4356684950722
1658	-1785.556131530049
1659	-1776.181917554505
1660	-1799.6831895149478
1661	-1796.8366156375764
1662	-1789.6030936253649
1663	-1786.7443606746024
1664	-1792.5106372081507
1665	-1785.7911327636175
1666	-1806.4536327547694
1667	-1798.9112826771236
1668	-1804.337258040827
1669	-1796.411799972807
1670	-1795.7927435234592
1671	-1788.985291894779
1672	-1803.5320183967863
1673	-1796.5866978524596
1674	-1807.6338353328713
1675	-1798.8938900952444
1676	-1795.215813333009
1677	-1793.2123835501739
1678	-1807.270416391782
1679	-1804.2666953885328
1680	-1793.4016774583206
1681	-1787.608375155813
1682	-1785.8392328141233
1683	-1782.6871812462705
1684	-1780.470947792868
1685	-1771.007545856248
1686	-1760.2009761919917
1687	-1751.7308555748702
1688	-1767.5428968956373
1689	-1757.3700443312493
1690	-1762.836311688494
1691	-1760.582719112825
1692	-1753.5558294909267
1693	-1749.6755750160942
1694	-1789.2620388358287
1695	-1781.373629634867
1696	-1764.7214544763513
1697	-1758.6982781127758
1698	-1762.9521461266984
1699	-1747.2822331679006
1700	-1753.6466842797024
1701	-1748.386620394331
1702	-1731.7289167664542
1703	-1727.8605176090748
1704	-1762.6942912516226
1705	-1756.824688196693
1706	-1775.8686088575041
1707	-1769.82325258332
1708	-1793.380167947835
1709	-1786.6027255099173
1710	-1775.3734084415405
1711	-1771.3152292289901
1712	-1775.2156417615809
1713	-1771.9895216107348
1714	-1811.0044135874934
1715	-1804.1535619246822
1716	-1795.5612601482912
1717	-1790.9020693053221
1718	-1798.0821691978695
1719	-1790.9910339312253
1720	-1801.135884091001
1721	-1791.832320829401
1722	-1810.319434306127
1723	-1803.4230925110594
1724	-1788.2308419822168
1725	-1780.7149664386823
1726	-1795.5797366349457
1727	-1793.958368635604
1728	-1796.1431035720964
1729	-1791.8514112106427
1730	-1786.83913568406
1731	-1782.3463182280454
1732	-1788.4057002187744
1733	-1785.4379900497893
1734	-1791.1637467679334
1735	-1784.2691066488228
1736	-1808.6627225490768
1737	-1797.7672186412135
1738	-1809.4771496111273
1739	-1801.039577574214
1740	-1807.6885678615954
1741	-1802.818836131933
1742	-1785.842309168993
1743	-1780.3295685644548
1744	-1792.0178399953645
1745	-1784.7389698649035
1746	-1788.3649019939837
1747	-1784.1239432424193
1748	-1797.6674841378717
1749	-1788.5151404514831
1750	-1778.7456980813295
1751	-1772.2270734444633
1752	-1796.0601686299215
1753	-1787.9533436591591
1754	-1777.539133391974
1755	-1764.5371077244695
1756	-1798.8368005001312
1757	-1795.266237837092
1758	-1792.461995918872
1759	-1789.7398715224517
1760	-1811.998509135161
1761	-1804.4590157476835
1762	-1816.9147054203456
1763	-1812.7985149683861
1764	-1812.6292632752484
1765	-1805.6978791093966
1766	-1790.2350831209149
1767	-1781.978625855521
1768	-1786.4939112580314
1769	-1781.1870607880403
1770	-1800.119165838151
1771	-1794.9053682544745
1772	-1798.5483448142572
1773	-1796.0276100054705
1774	-1781.7091770747923
1775	-1778.1793541239736
1776	-1802.8443751979903
1777	-1793.9061745815202
1778	-1795.4289890420741
1779	-1787.2141439848735
1780	-1777.9115552458131
1781	-1773.4452144620552
1782	-1787.3902292623557
1783	-1783.353584130392
1784	-1787.9139351972756
1785	-1781.827545572654
1786	-1796.1420177741513
1787	-1786.4805435194157
1788	-1768.848410078865
1789	-1762.487107097322
1790	-1773.5973347640736
1791	-1765.975471083393
1792	-1769.8095353610802
1793	-1763.8209416582695
1794	-1766.405413935069
1795	-1761.8032622056182
1796	-1767.7135344330636
1797	-1761.6497186936372
1798	-1794.295624783088
1799	-1791.8186917991766
1800	-1784.132863188538
1801	-1778.1323843785838
1802	-1797.2215364818176
1803	-1790.3478045717611
1804	-1774.2077265088692
1805	-1770.668223257553
1806	-1794.8143112543069
1807	-1787.83879176415
1808	-1786.4851632634227
1809	-1778.7803679567235
1810	-1780.2135855093472
1811	-1778.065549041113
1812	-1796.4988001394433
1813	-1789.4266809283904
1814	-1821.1394180098275
1815	-1815.990358202647
1816	-1801.9610772974227
1817	-1796.8644901618156
1818	-1810.5876260753141
1819	-1806.0213171612502
1820	-1792.6762311591276
1821	-1785.1413781737251
1822	-1793.9470391484167
1823	-1787.998183477988
1824	-1792.761757751725
1825	-1787.8308178711873
1826	-1783.1120735249024
1827	-1779.0731336323977
1828	-1788.9441831270558
1829	-1780.3136699092818
1830	-1791.012176536791
1831	-1784.9171445892116
1832	-1774.4429375328673
1833	-1772.211098662717
1834	-1796.8765225741818
1835	-1792.5015601992247
1836	-1807.6979365740829
1837	-1798.728379916738
1838	-1798.7389290611552
1839	-1794.955667932017
1840	-1811.4986511946618
1841	-1807.8690419169889
1842	-1810.8244747803992
1843	-1802.9805104925886
1844	-1805.6196615132642
1845	-1802.6110072739018
1846	-1806.7361142328507
1847	-1795.1863047599404
1848	-1806.5677723194767
1849	-1800.6780468104662
1850	-1796.066408621225
1851	-1790.2543544706753
1852	-1804.567460718589
1853	-1801.8585059056209
1854	-1793.5335524871898
1855	-1790.5384826757195
1856	-1797.7721052864665
1857	-1793.673099884707
1858	-1808.8035549462386
1859	-1805.2686853065466
1860	-1793.0944146723732
1861	-1789.568212358625
1862	-1801.557373987555
1863	-1796.875965783709
1864	-1802.579618113395
1865	-1795.705514037309
1866	-1809.2187626546147
1867	-1802.9269474096157
1868	-1795.4420178776033
1869	-1788.871700833749
1870	-1783.1619361325907
1871	-1777.5089440871939
1872	-1801.5606612497745
1873	-1796.4735163853902
1874	-1792.7716413779788
1875	-1788.6265311076372
1876	-1794.4670169129786
1877	-1789.4332936285869
1878	-1779.4285311823012
1879	-1769.1177083894695
1880	-1771.4078932573489
1881	-1764.560421479953
1882	-1763.4521711041111
1883	-1761.1345784358261
1884	-1764.0135871294362
1885	-1759.4635650202026
1886	-1782.6942999392743
1887	-1776.7693161580396
1888	-1769.5145616222242
1889	-1763.7719202635994
1890	-1772.1722954713964
1891	-1766.9574831084758
1892	-1800.6877970058063
1893	-1798.0968856226098
1894	-1769.426437693563
1895	-1760.0477247760462
1896	-1759.029664138344
1897	-1757.557718595355
1898	-1779.4723353225345
1899	-1772.5766931664105
1900	-1791.8420109816407
1901	-1788.3255108697517
1902	-1783.7358700928116
1903	-1780.8065423732103
1904	-1800.591313706814
1905	-1799.2771453263704
1906	-1791.3530159093386
1907	-1787.267247044986
1908	-1793.7609340923402
1909	-1788.222618443308
1910	-1801.516271838482
1911	-1798.4764391855208
1912	-1802.0646230767345
1913	-1797.2667136855675
1914	-1805.779308439441
1915	-1798.826935636304
1916	-1793.8189901387043
1917	-1789.316571688238
1918	-1784.883032714112
1919	-1777.7320499736875
1920	-1783.4166308961157
1921	-1776.598454774179
1922	-1784.679569772959
1923	-1783.092584410188
1924	-1750.977790328982
1925	-1745.3723937438483
1926	-1771.733974653424
1927	-1763.019281320642
1928	-1777.5342434148035
1929	-1773.4056466028223
1930	-1787.3971276283175
1931	-1782.9803322986393
1932	-1790.1448822286493
1933	-1782.4407119478994
1934	-1775.9281450147032
1935	-1771.6061969969717
1936	-1790.1360322161374
1937	-1784.6631215635346
1938	-1785.2733619948244
1939	-1780.365094185583
1940	-1792.9352255400674
1941	-1785.219244731981
1942	-1774.6559723508833
1943	-1772.4193995590713
1944	-1808.053818007746
1945	-1801.046323766118
1946	-1805.1247397591032
1947	-1802.7514973444754
1948	-1810.3172421591844
1949	-1806.8624758020567
1950	-1811.7883723670914
1951	-1808.3776788551593
1952	-1808.9889818867746
1953	-1805.5532091660814
1954	-1813.9828560735564
1955	-1804.2771654206936
1956	-1799.1357641550776
1957	-1793.538611759899
1958	-1801.2858281055544
1959	-1798.0882855502682
1960	-1798.7026524196517
1961	-1793.085128065027
1962	-1782.5659131652812
1963	-1775.976728016572
1964	-1793.3715600711923
1965	-1785.706411801989
1966	-1794.4996238844833
1967	-1788.27446811895
1968	-1796.7632026545486
1969	-1790.8339658892153
1970	-1795.1465899697428
1971	-1789.5568882797631
1972	-1790.6825358515368
1973	-1785.618750931731
1974	-1785.3867610333666
1975	-1778.5563108443916
1976	-1759.2590038648834
1977	-1752.8564231563475
1978	-1756.1498360174999
1979	-1752.130663891377
1980	-1776.8335252128293
1981	-1772.1434698966225
1982	-1737.3443028330114
1983	-1732.3158990048232
1984	-1761.7865840587322
1985	-1759.6582538480436
1986	-1742.718083335279
1987	-1731.9236893026018
1988	-1732.4045020319804
1989	-1726.8713719607754
1990	-1742.1789972123267
1991	-1737.4466383447216
1992	-1755.5845647521694
1993	-1751.3986852475603
1994	-1770.5167592058265
1995	-1764.2917298107393
1996	-1769.1667336903383
1997	-1761.796331905656
1998	-1770.460361094962
1999	-1761.3002076121736
