0	0.653
1	0.632
2	0.636
3	0.615
4	0.612
5	0.598
6	0.595
7	0.598
8	0.612
9	0.596
10	0.608
11	0.6
12	0.605
13	0.596
14	0.608
15	0.605
16	0.608
17	0.637
18	0.672
19	0.66
20	0.665
21	0.677
22	0.692
23	0.668
24	0.724
25	0.707
26	0.727
27	0.72
28	0.718
29	0.712
30	0.735
31	0.746
32	0.774
33	0.787
34	0.775
35	0.76
36	0.793
37	0.77
38	0.783
39	0.822
40	0.802
41	0.839
42	0.814
43	0.831
44	0.832
45	0.851
46	0.837
47	0.837
48	0.87
49	0.851
50	0.864
51	0.853
52	0.871
53	0.854
54	0.872
55	0.873
56	0.875
57	0.872
58	0.885
59	0.876
60	0.903
61	0.891
62	0.891
63	0.896
64	0.89
65	0.903
66	0.911
67	0.912
68	0.902
69	0.898
70	0.897
71	0.9
72	0.921
73	0.914
74	0.908
75	0.9
76	0.911
77	0.916
78	0.902
79	0.909
80	0.916
81	0.906
82	0.911
83	0.929
84	0.921
85	0.923
86	0.94
87	0.929
88	0.93
89	0.934
90	0.924
91	0.921
92	0.929
93	0.93
94	0.943
95	0.938
96	0.931
97	0.937
98	0.937
99	0.942
100	0.934
101	0.94
102	0.944
103	0.944
104	0.933
105	0.925
106	0.941
107	0.933
108	0.938
109	0.94
110	0.946
111	0.946
112	0.941
113	0.938
114	0.944
115	0.94
116	0.949
117	0.932
118	0.941
119	0.951
120	0.943
121	0.955
122	0.954
123	0.933
124	0.952
125	0.944
126	0.955
127	0.95
128	0.956
129	0.955
130	0.949
131	0.938
132	0.953
133	0.953
134	0.957
135	0.963
136	0.954
137	0.966
138	0.967
139	0.959
140	0.96
141	0.95
142	0.945
143	0.957
144	0.971
145	0.967
146	0.943
147	0.965
148	0.963
149	0.965
150	0.96
151	0.968
152	0.961
153	0.962
154	0.948
155	0.957
156	0.97
157	0.969
158	0.956
159	0.968
160	0.966
161	0.959
162	0.96
163	0.961
164	0.962
165	0.958
166	0.961
167	0.961
168	0.977
169	0.953
170	0.963
171	0.965
172	0.964
173	0.959
174	0.967
175	0.974
176	0.965
177	0.973
178	0.97
179	0.976
180	0.966
181	0.967
182	0.97
183	0.963
184	0.963
185	0.966
186	0.968
187	0.97
188	0.971
189	0.967
190	0.974
191	0.966
192	0.965
193	0.968
194	0.964
195	0.974
196	0.967
197	0.97
198	0.967
199	0.968
200	0.972
201	0.973
202	0.962
203	0.965
204	0.978
205	0.97
206	0.974
207	0.975
208	0.979
209	0.977
210	0.965
211	0.973
212	0.97
213	0.972
214	0.97
215	0.98
216	0.97
217	0.971
218	0.967
219	0.971
220	0.974
221	0.963
222	0.971
223	0.978
224	0.972
225	0.964
226	0.974
227	0.969
228	0.98
229	0.977
230	0.962
231	0.971
232	0.968
233	0.961
234	0.974
235	0.968
236	0.975
237	0.973
238	0.97
239	0.981
240	0.965
241	0.979
242	0.974
243	0.974
244	0.968
245	0.976
246	0.974
247	0.977
248	0.976
249	0.976
250	0.981
251	0.973
252	0.975
253	0.983
254	0.975
255	0.975
256	0.984
257	0.977
258	0.978
259	0.964
260	0.97
261	0.974
262	0.975
263	0.972
264	0.983
265	0.985
266	0.977
267	0.978
268	0.978
269	0.969
270	0.975
271	0.978
272	0.973
273	0.974
274	0.973
275	0.977
276	0.978
277	0.978
278	0.975
279	0.976
280	0.977
281	0.975
282	0.987
283	0.982
284	0.983
285	0.98
286	0.981
287	0.979
288	0.982
289	0.975
290	0.974
291	0.979
292	0.974
293	0.985
294	0.976
295	0.976
296	0.981
297	0.977
298	0.969
299	0.975
300	0.979
301	0.982
302	0.975
303	0.976
304	0.971
305	0.978
306	0.979
307	0.974
308	0.978
309	0.98
310	0.975
311	0.974
312	0.985
313	0.978
314	0.979
315	0.979
316	0.978
317	0.975
318	0.977
319	0.979
320	0.976
321	0.979
322	0.975
323	0.975
324	0.984
325	0.98
326	0.977
327	0.986
328	0.978
329	0.975
330	0.979
331	0.978
332	0.981
333	0.984
334	0.982
335	0.981
336	0.982
337	0.976
338	0.98
339	0.979
340	0.978
341	0.984
342	0.976
343	0.972
344	0.989
345	0.97
346	0.987
347	0.978
348	0.988
349	0.983
350	0.984
351	0.974
352	0.983
353	0.978
354	0.976
355	0.978
356	0.978
357	0.978
358	0.987
359	0.983
360	0.982
361	0.984
362	0.974
363	0.978
364	0.989
365	0.979
366	0.987
367	0.976
368	0.99
369	0.982
370	0.973
371	0.988
372	0.976
373	0.978
374	0.982
375	0.982
376	0.982
377	0.984
378	0.975
379	0.981
380	0.986
381	0.977
382	0.981
383	0.984
384	0.983
385	0.981
386	0.983
387	0.977
388	0.983
389	0.984
390	0.983
391	0.98
392	0.986
393	0.98
394	0.983
395	0.987
396	0.978
397	0.98
398	0.984
399	0.986
400	0.985
401	0.983
402	0.982
403	0.983
404	0.973
405	0.985
406	0.984
407	0.977
408	0.976
409	0.988
410	0.986
411	0.982
412	0.981
413	0.967
414	0.986
415	0.981
416	0.985
417	0.984
418	0.983
419	0.988
420	0.976
421	0.982
422	0.989
423	0.989
424	0.979
425	0.976
426	0.985
427	0.985
428	0.975
429	0.973
430	0.982
431	0.98
432	0.98
433	0.979
434	0.983
435	0.984
436	0.985
437	0.98
438	0.992
439	0.986
440	0.989
441	0.983
442	0.979
443	0.982
444	0.982
445	0.985
446	0.983
447	0.992
448	0.981
449	0.986
450	0.978
451	0.981
452	0.989
453	0.981
454	0.978
455	0.979
456	0.985
457	0.986
458	0.982
459	0.978
460	0.988
461	0.98
462	0.98
463	0.984
464	0.985
465	0.986
466	0.989
467	0.986
468	0.983
469	0.983
470	0.984
471	0.981
472	0.986
473	0.975
474	0.982
475	0.986
476	0.981
477	0.984
478	0.986
479	0.981
480	0.983
481	0.989
482	0.979
483	0.989
484	0.981
485	0.973
486	0.983
487	0.989
488	0.982
489	0.982
490	0.987
491	0.98
492	0.979
493	0.978
494	0.984
495	0.985
496	0.988
497	0.986
498	0.989
499	0.987
500	0.984
501	0.983
502	0.988
503	0.98
504	0.985
505	0.98
506	0.981
507	0.987
508	0.991
509	0.979
510	0.983
511	0.979
512	0.982
513	0.98
514	0.986
515	0.989
516	0.982
517	0.988
518	0.981
519	0.982
520	0.986
521	0.985
522	0.983
523	0.98
524	0.976
525	0.979
526	0.986
527	0.982
528	0.988
529	0.982
530	0.987
531	0.978
532	0.985
533	0.983
534	0.985
535	0.98
536	0.988
537	0.98
538	0.983
539	0.989
540	0.986
541	0.988
542	0.987
543	0.989
544	0.986
545	0.989
546	0.985
547	0.981
548	0.988
549	0.984
550	0.984
551	0.986
552	0.979
553	0.98
554	0.981
555	0.99
556	0.984
557	0.986
558	0.986
559	0.98
560	0.984
561	0.987
562	0.985
563	0.986
564	0.985
565	0.985
566	0.989
567	0.984
568	0.989
569	0.98
570	0.99
571	0.982
572	0.98
573	0.984
574	0.989
575	0.987
576	0.979
577	0.983
578	0.984
579	0.986
580	0.983
581	0.988
582	0.981
583	0.981
584	0.993
585	0.991
586	0.98
587	0.986
588	0.984
589	0.981
590	0.982
591	0.988
592	0.978
593	0.979
594	0.985
595	0.988
596	0.983
597	0.981
598	0.98
599	0.984
600	0.982
601	0.974
602	0.989
603	0.977
604	0.984
605	0.979
606	0.979
607	0.986
608	0.976
609	0.979
610	0.976
611	0.982
612	0.983
613	0.981
614	0.982
615	0.984
616	0.977
617	0.985
618	0.986
619	0.982
620	0.981
621	0.983
622	0.975
623	0.98
624	0.986
625	0.974
626	0.987
627	0.986
628	0.979
629	0.978
630	0.98
631	0.983
632	0.981
633	0.979
634	0.979
635	0.979
636	0.982
637	0.979
638	0.976
639	0.985
640	0.977
641	0.98
642	0.972
643	0.983
644	0.984
645	0.978
646	0.978
647	0.979
648	0.975
649	0.985
650	0.976
651	0.978
652	0.98
653	0.984
654	0.985
655	0.977
656	0.977
657	0.981
658	0.982
659	0.985
660	0.985
661	0.983
662	0.976
663	0.985
664	0.98
665	0.986
666	0.979
667	0.981
668	0.978
669	0.98
670	0.978
671	0.975
672	0.979
673	0.983
674	0.976
675	0.978
676	0.982
677	0.978
678	0.976
679	0.978
680	0.978
681	0.978
682	0.976
683	0.972
684	0.974
685	0.98
686	0.975
687	0.967
688	0.976
689	0.982
690	0.97
691	0.982
692	0.97
693	0.966
694	0.975
695	0.975
696	0.975
697	0.976
698	0.973
699	0.978
700	0.981
701	0.973
702	0.976
703	0.978
704	0.985
705	0.97
706	0.978
707	0.981
708	0.967
709	0.972
710	0.965
711	0.984
712	0.961
713	0.977
714	0.974
715	0.963
716	0.982
717	0.976
718	0.963
719	0.974
720	0.966
721	0.974
722	0.97
723	0.972
724	0.971
725	0.972
726	0.968
727	0.968
728	0.966
729	0.97
730	0.971
731	0.975
732	0.961
733	0.979
734	0.975
735	0.961
736	0.97
737	0.969
738	0.966
739	0.962
740	0.964
741	0.967
742	0.961
743	0.972
744	0.969
745	0.97
746	0.964
747	0.967
748	0.97
749	0.966
750	0.973
751	0.952
752	0.966
753	0.972
754	0.966
755	0.969
756	0.962
757	0.969
758	0.96
759	0.963
760	0.969
761	0.962
762	0.966
763	0.969
764	0.962
765	0.97
766	0.965
767	0.966
768	0.957
769	0.955
770	0.962
771	0.959
772	0.949
773	0.958
774	0.964
775	0.948
776	0.953
777	0.95
778	0.947
779	0.955
780	0.961
781	0.955
782	0.952
783	0.953
784	0.942
785	0.949
786	0.939
787	0.939
788	0.948
789	0.944
790	0.951
791	0.946
792	0.944
793	0.944
794	0.952
795	0.939
796	0.924
797	0.935
798	0.928
799	0.937
800	0.921
801	0.94
802	0.933
803	0.936
804	0.926
805	0.919
806	0.905
807	0.915
808	0.892
809	0.911
810	0.906
811	0.909
812	0.912
813	0.902
814	0.927
815	0.913
816	0.91
817	0.897
818	0.893
819	0.904
820	0.918
821	0.914
822	0.9
823	0.905
824	0.899
825	0.896
826	0.9
827	0.91
828	0.886
829	0.877
830	0.897
831	0.881
832	0.897
833	0.893
834	0.885
835	0.889
836	0.903
837	0.89
838	0.886
839	0.889
840	0.917
841	0.892
842	0.905
843	0.921
844	0.899
845	0.903
846	0.9
847	0.894
848	0.88
849	0.897
850	0.906
851	0.894
852	0.897
853	0.916
854	0.893
855	0.904
856	0.915
857	0.899
858	0.878
859	0.904
860	0.903
861	0.91
862	0.906
863	0.901
864	0.899
865	0.906
866	0.91
867	0.914
868	0.905
869	0.915
870	0.909
871	0.922
872	0.922
873	0.925
874	0.921
875	0.914
876	0.918
877	0.892
878	0.911
879	0.909
880	0.91
881	0.918
882	0.904
883	0.924
884	0.924
885	0.912
886	0.907
887	0.914
888	0.922
889	0.906
890	0.936
891	0.919
892	0.897
893	0.91
894	0.921
895	0.915
896	0.927
897	0.911
898	0.918
899	0.914
900	0.911
901	0.901
902	0.919
903	0.917
904	0.92
905	0.921
906	0.918
907	0.914
908	0.927
909	0.92
910	0.918
911	0.91
912	0.934
913	0.914
914	0.918
915	0.918
916	0.924
917	0.927
918	0.937
919	0.94
920	0.923
921	0.936
922	0.917
923	0.915
924	0.905
925	0.931
926	0.916
927	0.934
928	0.932
929	0.933
930	0.941
931	0.937
932	0.924
933	0.921
934	0.933
935	0.926
936	0.927
937	0.928
938	0.919
939	0.932
940	0.932
941	0.93
942	0.92
943	0.942
944	0.931
945	0.929
946	0.927
947	0.934
948	0.933
949	0.925
950	0.932
951	0.929
952	0.915
953	0.929
954	0.93
955	0.934
956	0.935
957	0.934
958	0.926
959	0.943
960	0.947
961	0.929
962	0.929
963	0.936
964	0.923
965	0.932
966	0.934
967	0.918
968	0.949
969	0.923
970	0.926
971	0.934
972	0.944
973	0.922
974	0.936
975	0.933
976	0.935
977	0.944
978	0.923
979	0.936
980	0.937
981	0.94
982	0.928
983	0.925
984	0.91
985	0.936
986	0.928
987	0.913
988	0.918
989	0.929
990	0.944
991	0.926
992	0.93
993	0.931
994	0.928
995	0.937
996	0.936
997	0.929
998	0.922
999	0.943
1000	0.923
1001	0.925
1002	0.938
1003	0.922
1004	0.934
1005	0.927
1006	0.938
1007	0.936
1008	0.922
1009	0.924
1010	0.937
1011	0.924
1012	0.945
1013	0.917
1014	0.934
1015	0.948
1016	0.927
1017	0.92
1018	0.936
1019	0.937
1020	0.92
1021	0.929
1022	0.905
1023	0.914
1024	0.926
1025	0.928
1026	0.929
1027	0.931
1028	0.921
1029	0.913
1030	0.925
1031	0.914
1032	0.918
1033	0.922
1034	0.916
1035	0.916
1036	0.921
1037	0.943
1038	0.929
1039	0.923
1040	0.93
1041	0.934
1042	0.908
1043	0.924
1044	0.91
1045	0.922
1046	0.917
1047	0.928
1048	0.917
1049	0.909
1050	0.914
1051	0.913
1052	0.921
1053	0.91
1054	0.908
1055	0.916
1056	0.91
1057	0.899
1058	0.897
1059	0.908
1060	0.922
1061	0.906
1062	0.896
1063	0.903
1064	0.911
1065	0.893
1066	0.915
1067	0.884
1068	0.921
1069	0.903
1070	0.898
1071	0.904
1072	0.904
1073	0.904
1074	0.909
1075	0.905
1076	0.893
1077	0.896
1078	0.903
1079	0.894
1080	0.915
1081	0.907
1082	0.893
1083	0.897
1084	0.898
1085	0.908
1086	0.905
1087	0.912
1088	0.894
1089	0.922
1090	0.896
1091	0.925
1092	0.926
1093	0.894
1094	0.906
1095	0.919
1096	0.906
1097	0.909
1098	0.918
1099	0.915
1100	0.919
1101	0.923
1102	0.912
1103	0.914
1104	0.925
1105	0.928
1106	0.919
1107	0.918
1108	0.897
1109	0.921
1110	0.912
1111	0.914
1112	0.923
1113	0.917
1114	0.929
1115	0.914
1116	0.927
1117	0.907
1118	0.919
1119	0.931
1120	0.921
1121	0.92
1122	0.913
1123	0.919
1124	0.937
1125	0.921
1126	0.919
1127	0.919
1128	0.925
1129	0.91
1130	0.91
1131	0.92
1132	0.91
1133	0.919
1134	0.931
1135	0.918
1136	0.918
1137	0.936
1138	0.924
1139	0.937
1140	0.934
1141	0.924
1142	0.934
1143	0.937
1144	0.924
1145	0.935
1146	0.927
1147	0.931
1148	0.923
1149	0.924
1150	0.927
1151	0.924
1152	0.931
1153	0.931
1154	0.933
1155	0.939
1156	0.92
1157	0.93
1158	0.948
1159	0.932
1160	0.94
1161	0.933
1162	0.934
1163	0.93
1164	0.954
1165	0.928
1166	0.929
1167	0.944
1168	0.926
1169	0.931
1170	0.924
1171	0.931
1172	0.933
1173	0.932
1174	0.936
1175	0.941
1176	0.937
1177	0.924
1178	0.918
1179	0.938
1180	0.938
1181	0.928
1182	0.937
1183	0.947
1184	0.943
1185	0.947
1186	0.957
1187	0.933
1188	0.943
1189	0.937
1190	0.942
1191	0.937
1192	0.936
1193	0.943
1194	0.938
1195	0.947
1196	0.944
1197	0.953
1198	0.943
1199	0.953
1200	0.944
1201	0.94
1202	0.941
1203	0.953
1204	0.95
1205	0.951
1206	0.947
1207	0.951
1208	0.95
1209	0.965
1210	0.954
1211	0.957
1212	0.944
1213	0.955
1214	0.934
1215	0.953
1216	0.952
1217	0.95
1218	0.948
1219	0.953
1220	0.944
1221	0.954
1222	0.936
1223	0.949
1224	0.942
1225	0.958
1226	0.953
1227	0.951
1228	0.955
1229	0.96
1230	0.953
1231	0.953
1232	0.959
1233	0.939
1234	0.961
1235	0.954
1236	0.962
1237	0.957
1238	0.968
1239	0.962
1240	0.959
1241	0.952
1242	0.967
1243	0.951
1244	0.971
1245	0.947
1246	0.957
1247	0.952
1248	0.953
1249	0.967
1250	0.945
1251	0.958
1252	0.963
1253	0.96
1254	0.962
1255	0.956
1256	0.95
1257	0.961
1258	0.961
1259	0.962
1260	0.964
1261	0.958
1262	0.967
1263	0.972
1264	0.955
1265	0.97
1266	0.96
1267	0.959
1268	0.963
1269	0.97
1270	0.964
1271	0.966
1272	0.964
1273	0.961
1274	0.968
1275	0.967
1276	0.958
1277	0.962
1278	0.96
1279	0.956
1280	0.967
1281	0.963
1282	0.966
1283	0.975
1284	0.968
1285	0.968
1286	0.971
1287	0.966
1288	0.973
1289	0.969
1290	0.966
1291	0.976
1292	0.965
1293	0.97
1294	0.965
1295	0.964
1296	0.96
1297	0.976
1298	0.962
1299	0.962
1300	0.965
1301	0.973
1302	0.96
1303	0.973
1304	0.965
1305	0.964
1306	0.964
1307	0.972
1308	0.972
1309	0.969
1310	0.958
1311	0.982
1312	0.966
1313	0.976
1314	0.96
1315	0.976
1316	0.953
1317	0.962
1318	0.963
1319	0.961
1320	0.974
1321	0.967
1322	0.969
1323	0.974
1324	0.97
1325	0.967
1326	0.976
1327	0.975
1328	0.972
1329	0.963
1330	0.956
1331	0.972
1332	0.966
1333	0.965
1334	0.969
1335	0.961
1336	0.967
1337	0.964
1338	0.97
1339	0.964
1340	0.967
1341	0.976
1342	0.97
1343	0.961
1344	0.97
1345	0.967
1346	0.971
1347	0.979
1348	0.977
1349	0.965
1350	0.97
1351	0.974
1352	0.973
1353	0.97
1354	0.964
1355	0.978
1356	0.97
1357	0.966
1358	0.977
1359	0.979
1360	0.971
1361	0.963
1362	0.973
1363	0.975
1364	0.978
1365	0.976
1366	0.966
1367	0.977
1368	0.979
1369	0.969
1370	0.966
1371	0.973
1372	0.975
1373	0.973
1374	0.962
1375	0.973
1376	0.972
1377	0.982
1378	0.98
1379	0.968
1380	0.979
1381	0.983
1382	0.981
1383	0.979
1384	0.968
1385	0.982
1386	0.978
1387	0.972
1388	0.968
1389	0.972
1390	0.977
1391	0.973
1392	0.979
1393	0.968
1394	0.977
1395	0.98
1396	0.975
1397	0.975
1398	0.976
1399	0.978
1400	0.97
1401	0.976
1402	0.979
1403	0.983
1404	0.976
1405	0.979
1406	0.981
1407	0.972
1408	0.984
1409	0.982
1410	0.98
1411	0.986
1412	0.977
1413	0.97
1414	0.985
1415	0.98
1416	0.978
1417	0.976
1418	0.973
1419	0.983
1420	0.984
1421	0.977
1422	0.985
1423	0.981
1424	0.983
1425	0.971
1426	0.983
1427	0.982
1428	0.978
1429	0.974
1430	0.978
1431	0.981
1432	0.987
1433	0.985
1434	0.974
1435	0.98
1436	0.983
1437	0.983
1438	0.982
1439	0.976
1440	0.985
1441	0.974
1442	0.983
1443	0.973
1444	0.982
1445	0.983
1446	0.982
1447	0.975
1448	0.98
1449	0.981
1450	0.98
1451	0.983
1452	0.984
1453	0.981
1454	0.979
1455	0.982
1456	0.983
1457	0.976
1458	0.976
1459	0.981
1460	0.987
1461	0.973
1462	0.985
1463	0.981
1464	0.973
1465	0.976
1466	0.979
1467	0.984
1468	0.979
1469	0.983
1470	0.989
1471	0.984
1472	0.982
1473	0.982
1474	0.983
1475	0.974
1476	0.981
1477	0.982
1478	0.982
1479	0.978
1480	0.985
1481	0.981
1482	0.967
1483	0.99
1484	0.984
1485	0.978
1486	0.989
1487	0.982
1488	0.981
1489	0.977
1490	0.976
1491	0.979
1492	0.988
1493	0.984
1494	0.986
1495	0.982
1496	0.984
1497	0.988
1498	0.984
1499	0.987
1500	0.984
1501	0.986
1502	0.986
1503	0.982
1504	0.984
1505	0.987
1506	0.973
1507	0.984
1508	0.982
1509	0.985
1510	0.977
1511	0.979
1512	0.977
1513	0.987
1514	0.988
1515	0.988
1516	0.985
1517	0.989
1518	0.991
1519	0.982
1520	0.986
1521	0.983
1522	0.991
1523	0.982
1524	0.981
1525	0.984
1526	0.987
1527	0.983
1528	0.981
1529	0.987
1530	0.98
1531	0.984
1532	0.984
1533	0.99
1534	0.988
1535	0.991
1536	0.983
1537	0.988
1538	0.982
1539	0.984
1540	0.986
1541	0.983
1542	0.985
1543	0.983
1544	0.982
1545	0.988
1546	0.983
1547	0.988
1548	0.983
1549	0.987
1550	0.986
1551	0.977
1552	0.989
1553	0.988
1554	0.978
1555	0.986
1556	0.988
1557	0.983
1558	0.986
1559	0.983
1560	0.988
1561	0.99
1562	0.988
1563	0.982
1564	0.987
1565	0.988
1566	0.987
1567	0.989
1568	0.982
1569	0.983
1570	0.991
1571	0.984
1572	0.979
1573	0.985
1574	0.982
1575	0.99
1576	0.983
1577	0.98
1578	0.989
1579	0.985
1580	0.992
1581	0.991
1582	0.991
1583	0.991
1584	0.987
1585	0.987
1586	0.994
1587	0.987
1588	0.989
1589	0.985
1590	0.989
1591	0.982
1592	0.981
1593	0.986
1594	0.988
1595	0.987
1596	0.993
1597	0.983
1598	0.984
1599	0.979
1600	0.984
1601	0.983
1602	0.989
1603	0.988
1604	0.981
1605	0.986
1606	0.985
1607	0.989
1608	0.982
1609	0.986
1610	0.984
1611	0.986
1612	0.986
1613	0.987
1614	0.985
1615	0.992
1616	0.99
1617	0.986
1618	0.987
1619	0.989
1620	0.986
1621	0.98
1622	0.987
1623	0.992
1624	0.982
1625	0.985
1626	0.988
1627	0.99
1628	0.988
1629	0.992
1630	0.991
1631	0.991
1632	0.989
1633	0.985
1634	0.99
1635	0.979
1636	0.99
1637	0.981
1638	0.993
1639	0.99
1640	0.98
1641	0.988
1642	0.986
1643	0.989
1644	0.988
1645	0.987
1646	0.993
1647	0.986
1648	0.986
1649	0.987
1650	0.986
1651	0.988
1652	0.988
1653	0.99
1654	0.991
1655	0.987
1656	0.989
1657	0.982
1658	0.987
1659	0.984
1660	0.98
1661	0.986
1662	0.981
1663	0.984
1664	0.984
1665	0.985
1666	0.989
1667	0.987
1668	0.984
1669	0.99
1670	0.984
1671	0.988
1672	0.99
1673	0.988
1674	0.986
1675	0.985
1676	0.989
1677	0.986
1678	0.992
1679	0.987
1680	0.987
1681	0.984
1682	0.986
1683	0.991
1684	0.988
1685	0.99
1686	0.994
1687	0.995
1688	0.99
1689	0.983
1690	0.984
1691	0.985
1692	0.987
1693	0.991
1694	0.992
1695	0.988
1696	0.989
1697	0.985
1698	0.981
1699	0.982
1700	0.986
1701	0.988
1702	0.991
1703	0.984
1704	0.986
1705	0.991
1706	0.992
1707	0.992
1708	0.991
1709	0.979
1710	0.991
1711	0.982
1712	0.989
1713	0.988
1714	0.985
1715	0.99
1716	0.99
1717	0.99
1718	0.989
1719	0.989
1720	0.992
1721	0.991
1722	0.992
1723	0.982
1724	0.987
1725	0.986
1726	0.992
1727	0.99
1728	0.99
1729	0.991
1730	0.986
1731	0.986
1732	0.991
1733	0.993
1734	0.991
1735	0.995
1736	0.989
1737	0.984
1738	0.988
1739	0.993
1740	0.989
1741	0.993
1742	0.991
1743	0.993
1744	0.991
1745	0.99
1746	0.989
1747	0.995
1748	0.993
1749	0.988
1750	0.991
1751	0.986
1752	0.991
1753	0.987
1754	0.987
1755	0.989
1756	0.986
1757	0.992
1758	0.985
1759	0.988
1760	0.985
1761	0.987
1762	0.99
1763	0.984
1764	0.994
1765	0.989
1766	0.991
1767	0.991
1768	0.988
1769	0.979
1770	0.985
1771	0.993
1772	0.992
1773	0.987
1774	0.984
1775	0.992
1776	0.99
1777	0.99
1778	0.989
1779	0.986
1780	0.987
1781	0.993
1782	0.986
1783	0.985
1784	0.989
1785	0.988
1786	0.996
1787	0.992
1788	0.99
1789	0.988
1790	0.989
1791	0.985
1792	0.99
1793	0.989
1794	0.989
1795	0.991
1796	0.99
1797	0.991
1798	0.996
1799	0.988
1800	0.995
1801	0.992
1802	0.989
1803	0.992
1804	0.99
1805	0.994
1806	0.987
1807	0.989
1808	0.989
1809	0.988
1810	0.986
1811	0.987
1812	0.996
1813	0.989
1814	0.993
1815	0.994
1816	0.992
1817	0.984
1818	0.988
1819	0.99
1820	0.991
1821	0.991
1822	0.992
1823	0.992
1824	0.992
1825	0.988
1826	0.99
1827	0.99
1828	0.996
1829	0.992
1830	0.993
1831	0.991
1832	0.991
1833	0.986
1834	0.993
1835	0.994
1836	0.989
1837	0.992
1838	0.995
1839	0.993
1840	0.989
1841	0.991
1842	0.987
1843	0.985
1844	0.984
1845	0.991
1846	0.992
1847	0.992
1848	0.99
1849	0.984
1850	0.992
1851	0.994
1852	0.99
1853	0.991
1854	0.994
1855	0.995
1856	0.991
1857	0.989
1858	0.993
1859	0.987
1860	0.988
1861	0.991
1862	0.994
1863	0.994
1864	0.989
1865	0.992
1866	0.989
1867	0.985
1868	0.994
1869	0.994
1870	0.993
1871	0.993
1872	0.994
1873	0.993
1874	0.986
1875	0.992
1876	0.989
1877	0.991
1878	0.995
1879	0.993
1880	0.988
1881	0.989
1882	0.989
1883	0.989
1884	0.99
1885	0.983
1886	0.995
1887	0.993
1888	0.99
1889	0.988
1890	0.989
1891	0.992
1892	0.995
1893	0.993
1894	0.993
1895	0.985
1896	0.994
1897	0.987
1898	0.991
1899	0.99
1900	0.989
1901	0.988
1902	0.99
1903	0.99
1904	0.992
1905	0.987
1906	0.991
1907	0.988
1908	0.994
1909	0.99
1910	0.994
1911	0.991
1912	0.987
1913	0.993
1914	0.996
1915	0.992
1916	0.988
1917	0.989
1918	0.985
1919	0.989
1920	0.992
1921	0.994
1922	0.988
1923	0.986
1924	0.988
1925	0.991
1926	0.991
1927	0.988
1928	0.986
1929	0.994
1930	0.996
1931	0.988
1932	0.991
1933	0.989
1934	0.992
1935	0.997
1936	0.993
1937	0.986
1938	0.991
1939	0.99
1940	0.992
1941	0.99
1942	0.994
1943	0.993
1944	0.992
1945	0.988
1946	0.989
1947	0.987
1948	0.993
1949	0.987
1950	0.995
1951	0.988
1952	0.988
1953	0.986
1954	0.991
1955	0.994
1956	0.992
1957	0.994
1958	0.993
1959	0.995
1960	0.995
1961	0.988
1962	0.995
1963	0.992
1964	0.998
1965	0.989
1966	0.992
1967	0.991
1968	0.99
1969	0.994
1970	0.995
1971	0.993
1972	0.988
1973	0.99
1974	0.99
1975	0.989
1976	0.995
1977	0.993
1978	0.988
1979	0.989
1980	0.994
1981	0.991
1982	0.989
1983	0.994
1984	0.994
1985	0.992
1986	0.991
1987	0.995
1988	0.991
1989	0.992
1990	0.993
1991	0.99
1992	0.995
1993	0.989
1994	0.988
1995	0.988
1996	0.997
1997	0.993
1998	0.995
1999	0.995
2000	0.992
2001	0.991
2002	0.994
2003	0.986
2004	0.991
2005	0.989
2006	0.992
2007	0.987
2008	0.991
2009	0.992
2010	0.993
2011	0.993
2012	0.995
2013	0.993
2014	0.995
2015	0.987
2016	0.987
2017	0.989
2018	0.993
2019	0.994
2020	0.991
2021	0.992
2022	0.989
2023	0.994
2024	0.989
2025	0.994
2026	0.991
2027	0.993
2028	0.99
2029	0.994
2030	0.992
2031	0.988
2032	0.995
2033	0.993
2034	0.99
2035	0.993
2036	0.996
2037	0.998
2038	0.997
2039	0.993
2040	0.991
2041	0.995
2042	0.99
2043	0.996
2044	0.993
2045	0.993
2046	0.998
2047	0.994
2048	0.994
2049	0.994
2050	0.987
2051	0.997
2052	0.995
2053	0.995
2054	0.994
2055	0.994
2056	0.993
2057	0.993
2058	0.993
2059	0.992
2060	0.994
2061	0.995
2062	0.998
2063	0.995
2064	0.988
2065	0.991
2066	0.992
2067	0.995
2068	0.988
2069	0.993
2070	0.99
2071	0.99
2072	0.995
2073	0.994
2074	0.991
2075	0.993
2076	0.993
2077	0.993
2078	0.994
2079	0.996
2080	0.991
2081	0.994
2082	0.991
2083	0.992
2084	0.992
2085	0.997
2086	0.987
2087	0.995
2088	0.99
2089	0.994
2090	0.986
2091	0.993
2092	0.993
2093	0.991
2094	0.989
2095	0.994
2096	0.994
2097	0.993
2098	0.993
2099	0.994
2100	0.996
2101	0.99
2102	0.997
2103	0.99
2104	0.991
2105	0.992
2106	0.995
2107	0.986
2108	0.99
2109	0.992
2110	0.997
2111	0.994
2112	0.992
2113	0.992
2114	0.99
2115	0.995
2116	0.995
2117	0.993
2118	0.995
2119	0.993
2120	0.994
2121	0.994
2122	0.997
2123	0.992
2124	0.998
2125	0.986
2126	0.997
2127	0.992
2128	0.994
2129	0.993
2130	0.996
2131	0.992
2132	0.99
2133	0.995
2134	0.996
2135	0.992
2136	0.993
2137	0.997
2138	0.992
2139	0.996
2140	0.996
2141	0.992
2142	0.993
2143	0.987
2144	0.994
2145	0.994
2146	0.995
2147	0.995
2148	0.988
2149	0.995
2150	0.989
2151	0.992
2152	0.993
2153	0.995
2154	0.991
2155	0.998
2156	0.993
2157	0.996
2158	0.994
2159	0.996
2160	0.989
2161	0.992
2162	0.985
2163	0.99
2164	0.994
2165	0.995
2166	0.997
2167	0.994
2168	0.993
2169	0.995
2170	0.997
2171	0.995
2172	0.987
2173	0.999
2174	0.996
2175	0.992
2176	0.995
2177	0.992
2178	0.994
2179	0.992
2180	0.997
2181	0.994
2182	0.993
2183	0.99
2184	0.991
2185	0.993
2186	0.994
2187	0.994
2188	0.992
2189	0.988
2190	0.992
2191	0.991
2192	0.993
2193	0.996
2194	0.994
2195	0.994
2196	0.994
2197	0.995
2198	0.992
2199	0.991
2200	0.996
2201	0.993
2202	0.996
2203	0.996
2204	0.99
2205	0.997
2206	0.994
2207	0.998
2208	0.992
2209	0.996
2210	0.992
2211	0.996
2212	0.996
2213	0.999
2214	0.992
2215	0.992
2216	0.996
2217	0.998
2218	0.992
2219	0.993
2220	0.996
2221	0.992
2222	0.99
2223	0.994
2224	0.987
2225	0.985
2226	0.996
2227	0.996
2228	0.991
2229	0.991
2230	0.991
2231	0.989
2232	0.992
2233	0.996
2234	0.994
2235	0.993
2236	0.992
2237	0.997
2238	0.99
2239	0.994
2240	0.989
2241	0.996
2242	0.991
2243	0.992
2244	0.993
2245	0.995
2246	0.993
2247	0.991
2248	0.993
2249	0.991
2250	0.995
2251	0.992
2252	0.996
2253	0.989
2254	0.995
2255	0.993
2256	0.986
2257	0.993
2258	0.989
2259	0.997
2260	0.996
2261	0.996
2262	0.992
2263	0.99
2264	0.989
2265	0.996
2266	0.996
2267	0.992
2268	0.998
2269	0.994
2270	0.997
2271	0.993
2272	0.996
2273	0.993
2274	0.997
2275	0.994
2276	0.991
2277	0.988
2278	0.995
2279	0.991
2280	0.992
2281	0.997
2282	0.994
2283	0.997
2284	0.991
2285	0.994
2286	0.995
2287	0.996
2288	0.991
2289	0.994
2290	0.997
2291	0.988
2292	0.997
2293	0.992
2294	0.995
2295	0.996
2296	0.997
2297	0.995
2298	0.995
2299	0.995
2300	0.995
2301	0.998
2302	0.995
2303	0.997
2304	0.996
2305	0.993
2306	0.992
2307	0.992
2308	0.993
2309	0.995
2310	0.994
2311	0.996
2312	0.994
2313	0.994
2314	0.993
2315	0.99
2316	0.992
2317	0.992
2318	0.992
2319	0.992
2320	0.999
2321	0.994
2322	0.987
2323	0.997
2324	0.996
2325	0.996
2326	0.999
2327	0.992
2328	0.997
2329	0.996
2330	0.995
2331	0.996
2332	0.993
2333	0.989
2334	0.997
2335	0.998
2336	0.993
2337	0.992
2338	0.994
2339	0.996
2340	0.998
2341	0.995
2342	0.996
2343	0.993
2344	0.993
2345	0.987
2346	0.994
2347	0.994
2348	0.991
2349	0.992
2350	0.994
2351	0.995
2352	0.994
2353	0.998
2354	0.993
2355	0.994
2356	0.995
2357	0.992
2358	0.995
2359	0.996
2360	0.995
2361	0.993
2362	0.995
2363	0.993
2364	0.996
2365	0.995
2366	0.997
2367	0.999
2368	0.994
2369	0.993
2370	0.995
2371	0.992
2372	0.997
2373	0.995
2374	0.995
2375	0.997
2376	0.991
2377	0.999
2378	0.996
2379	0.997
2380	0.994
2381	0.992
2382	0.998
2383	1.0
2384	0.996
2385	0.996
2386	0.994
2387	0.995
2388	0.995
2389	0.995
2390	0.994
2391	0.992
2392	0.996
2393	0.998
2394	0.993
2395	0.996
2396	0.994
2397	0.999
2398	0.999
2399	0.996
2400	0.997
2401	0.995
2402	0.995
2403	0.997
2404	0.994
2405	0.998
2406	0.994
2407	0.992
2408	0.997
2409	0.993
2410	0.996
2411	0.992
2412	0.996
2413	0.995
2414	0.996
2415	0.992
2416	0.997
2417	0.994
2418	0.997
2419	0.995
2420	0.994
2421	0.998
2422	0.996
2423	0.993
2424	0.997
2425	0.993
2426	0.993
2427	0.997
2428	0.992
2429	0.994
2430	0.998
2431	0.994
2432	0.994
2433	0.993
2434	0.995
2435	0.996
2436	0.992
2437	0.998
2438	0.994
2439	0.992
2440	0.993
2441	0.996
2442	0.993
2443	0.995
2444	0.992
2445	0.989
2446	0.996
2447	0.994
2448	0.991
2449	0.993
2450	0.998
2451	0.997
2452	0.991
2453	0.993
2454	0.994
2455	0.991
2456	0.996
2457	0.998
2458	0.994
2459	0.995
2460	0.993
2461	0.989
2462	0.992
2463	0.989
2464	0.998
2465	0.996
2466	0.995
2467	0.992
2468	0.997
2469	0.998
2470	0.999
2471	0.997
2472	0.994
2473	0.996
2474	0.992
2475	0.993
2476	0.997
2477	0.991
2478	0.992
2479	0.996
2480	0.993
2481	0.997
2482	0.992
2483	0.992
2484	0.991
2485	0.998
2486	0.994
2487	0.998
2488	0.993
2489	0.998
2490	0.995
2491	0.998
2492	0.996
2493	0.996
2494	0.995
2495	0.995
2496	0.997
2497	0.993
2498	0.995
2499	0.993
2500	0.996
2501	0.996
2502	0.997
2503	0.996
2504	0.996
2505	0.994
2506	0.993
2507	0.998
2508	0.99
2509	0.996
2510	0.992
2511	0.996
2512	0.995
2513	0.994
2514	0.992
2515	0.994
2516	0.995
2517	0.995
2518	0.997
2519	0.996
2520	0.996
2521	0.996
2522	0.992
2523	0.995
2524	0.993
2525	0.993
2526	0.992
2527	0.993
2528	0.992
2529	0.993
2530	0.994
2531	0.996
2532	0.996
2533	0.993
2534	0.995
2535	0.997
2536	0.997
2537	0.993
2538	0.992
2539	0.996
2540	0.993
2541	0.995
2542	0.997
2543	0.994
2544	0.996
2545	0.996
2546	0.997
2547	0.998
2548	0.996
2549	0.997
2550	0.997
2551	0.989
2552	0.994
2553	0.997
2554	0.997
2555	0.994
2556	0.992
2557	0.999
2558	0.993
2559	0.994
2560	0.995
2561	0.991
2562	0.994
2563	0.994
2564	0.995
2565	0.997
2566	0.991
2567	0.998
2568	0.991
2569	0.994
2570	0.996
2571	0.998
2572	0.993
2573	0.996
2574	0.99
2575	0.994
2576	0.993
2577	0.997
2578	0.995
2579	0.994
2580	0.994
2581	0.993
2582	0.99
2583	0.989
2584	0.997
2585	0.996
2586	0.995
2587	0.998
2588	0.995
2589	0.996
2590	0.994
2591	0.99
2592	0.997
2593	0.999
2594	0.991
2595	0.994
2596	0.997
2597	0.994
2598	0.993
2599	0.997
2600	0.995
2601	0.994
2602	0.989
2603	0.997
2604	0.999
2605	0.995
2606	0.996
2607	0.998
2608	0.997
2609	0.991
2610	0.993
2611	0.998
2612	0.995
2613	0.99
2614	0.996
2615	0.996
2616	0.994
2617	0.994
2618	0.989
2619	0.996
2620	0.995
2621	0.997
2622	0.997
2623	0.994
2624	0.995
2625	0.997
2626	0.992
2627	0.996
2628	0.995
2629	0.998
2630	0.995
2631	0.997
2632	0.998
2633	0.995
2634	0.998
2635	0.997
2636	0.992
2637	0.999
2638	0.993
2639	0.992
2640	0.997
2641	0.998
2642	0.996
2643	0.995
2644	0.999
2645	0.989
2646	0.997
2647	0.995
2648	0.993
2649	0.991
2650	0.996
2651	0.994
2652	0.997
2653	0.988
2654	0.996
2655	0.996
2656	0.999
2657	0.996
2658	0.999
2659	0.995
2660	0.995
2661	0.995
2662	0.993
2663	0.999
2664	0.997
2665	0.994
2666	0.993
2667	0.997
2668	0.993
2669	0.997
2670	0.996
2671	0.992
2672	0.994
2673	0.994
2674	0.995
2675	0.997
2676	0.996
2677	0.995
2678	0.998
2679	0.993
2680	0.994
2681	0.997
2682	0.993
2683	0.996
2684	0.995
2685	0.997
2686	0.996
2687	0.995
2688	0.995
2689	0.996
2690	0.993
2691	0.997
2692	0.992
2693	0.994
2694	0.996
2695	0.99
2696	0.995
2697	0.998
2698	0.996
2699	1.0
2700	0.998
2701	0.996
2702	0.996
2703	0.995
2704	0.994
2705	0.998
2706	0.998
2707	0.998
2708	0.991
2709	0.994
2710	0.993
2711	0.996
2712	0.995
2713	0.995
2714	0.995
2715	0.995
2716	0.995
2717	0.997
2718	0.994
2719	0.994
2720	0.998
2721	0.998
2722	0.997
2723	0.997
2724	0.993
2725	0.997
2726	0.997
2727	0.996
2728	0.997
2729	0.997
2730	0.996
2731	0.997
2732	0.994
2733	0.994
2734	0.995
2735	0.995
2736	0.995
2737	0.994
2738	0.997
2739	0.995
2740	0.998
2741	0.994
2742	1.0
2743	0.996
2744	0.998
2745	0.998
2746	0.995
2747	0.993
2748	0.994
2749	0.993
2750	0.995
2751	0.995
2752	0.996
2753	0.991
2754	0.993
2755	0.997
2756	0.996
2757	0.996
2758	0.996
2759	0.993
2760	0.996
2761	0.997
2762	0.998
2763	0.995
2764	0.994
2765	0.996
2766	0.995
2767	0.995
2768	0.995
2769	0.994
2770	0.99
2771	0.995
2772	0.998
2773	0.999
2774	0.998
2775	0.995
2776	0.993
2777	0.996
2778	0.997
2779	0.995
2780	0.998
2781	0.996
2782	0.994
2783	0.995
2784	0.996
2785	0.993
2786	0.996
2787	0.997
2788	0.995
2789	0.998
2790	0.992
2791	0.997
2792	0.995
2793	0.996
2794	0.995
2795	0.996
2796	0.997
2797	0.996
2798	0.995
2799	0.996
2800	0.992
2801	0.99
2802	1.0
2803	0.997
2804	0.992
2805	0.995
2806	0.994
2807	0.995
2808	0.996
2809	0.993
2810	0.999
2811	0.993
2812	0.997
2813	0.995
2814	0.995
2815	0.995
2816	0.997
2817	0.997
2818	0.997
2819	0.997
2820	0.994
2821	0.997
2822	0.997
2823	0.994
2824	0.996
2825	0.997
2826	0.999
2827	0.998
2828	0.996
2829	0.994
2830	0.995
2831	0.995
2832	0.998
2833	0.996
2834	0.997
2835	0.994
2836	0.995
2837	0.996
2838	0.994
2839	0.997
2840	0.997
2841	0.997
2842	0.994
2843	0.995
2844	0.997
2845	0.996
2846	0.994
2847	0.995
2848	0.995
2849	0.997
2850	0.993
2851	0.995
2852	0.998
2853	0.999
2854	0.997
2855	0.992
2856	0.997
2857	0.997
2858	0.996
2859	0.997
2860	0.997
2861	0.993
2862	0.994
2863	0.998
2864	0.995
2865	0.996
2866	0.997
2867	0.995
2868	0.999
2869	0.995
2870	0.994
2871	0.995
2872	0.998
2873	0.996
2874	0.992
2875	0.997
2876	0.995
2877	0.997
2878	0.998
2879	0.999
2880	0.994
2881	0.996
2882	1.0
2883	0.994
2884	0.997
2885	0.996
2886	0.997
2887	0.995
2888	0.996
2889	0.996
2890	0.996
2891	0.996
2892	0.996
2893	0.998
2894	0.997
2895	0.995
2896	0.993
2897	1.0
2898	0.994
2899	0.997
2900	0.99
2901	0.999
2902	0.997
2903	0.995
2904	0.995
2905	0.996
2906	0.994
2907	0.992
2908	0.997
2909	0.998
2910	0.995
2911	0.992
2912	0.996
2913	0.997
2914	0.995
2915	0.995
2916	0.999
2917	0.997
2918	0.996
2919	0.991
2920	0.992
2921	0.998
2922	0.993
2923	0.996
2924	0.999
2925	0.997
2926	0.997
2927	0.997
2928	0.996
2929	0.996
2930	0.997
2931	0.994
2932	0.999
2933	0.994
2934	0.996
2935	0.995
2936	0.995
2937	0.998
2938	0.998
2939	0.996
2940	0.994
2941	0.997
2942	0.996
2943	0.993
2944	0.993
2945	0.999
2946	0.994
2947	0.993
2948	0.992
2949	0.998
2950	0.996
2951	0.998
2952	0.996
2953	1.0
2954	0.996
2955	0.998
2956	0.995
2957	0.993
2958	0.996
2959	0.994
2960	0.998
2961	0.995
2962	0.999
2963	0.993
2964	0.996
2965	0.999
2966	0.997
2967	0.995
2968	0.992
2969	0.994
2970	0.996
2971	0.997
2972	0.998
2973	0.995
2974	0.996
2975	0.993
2976	0.997
2977	0.995
2978	0.999
2979	0.994
2980	0.995
2981	0.995
2982	0.995
2983	0.998
2984	0.996
2985	0.995
2986	0.995
2987	0.998
2988	0.999
2989	0.995
2990	0.995
2991	0.995
2992	1.0
2993	0.995
2994	0.996
2995	0.997
2996	0.995
2997	0.997
2998	0.992
2999	0.996
3000	0.997
3001	0.998
3002	0.994
3003	0.998
3004	0.997
3005	0.991
3006	0.997
3007	0.995
3008	0.997
3009	0.995
3010	0.996
3011	0.997
3012	0.992
3013	0.998
3014	0.991
3015	0.998
3016	0.996
3017	0.995
3018	0.995
3019	0.995
3020	0.994
3021	0.994
3022	0.992
3023	0.996
3024	0.996
3025	0.997
3026	0.995
3027	0.998
3028	0.998
3029	0.998
3030	0.994
3031	0.998
3032	0.996
3033	0.999
3034	0.999
3035	0.999
3036	0.994
3037	0.997
3038	0.992
3039	0.994
3040	0.994
3041	0.998
3042	0.994
3043	0.999
3044	0.994
3045	0.994
3046	0.997
3047	0.994
3048	0.993
3049	0.997
3050	0.996
3051	0.993
3052	0.999
3053	0.997
3054	0.996
3055	0.995
3056	0.998
3057	0.995
3058	0.995
3059	0.996
3060	0.995
3061	0.997
3062	0.99
3063	0.996
3064	0.995
3065	0.997
3066	0.997
3067	0.998
3068	0.996
3069	0.999
3070	0.999
3071	0.996
3072	0.997
3073	0.996
3074	0.996
3075	0.996
3076	0.993
3077	1.0
3078	0.998
3079	0.996
3080	0.993
3081	0.995
3082	0.995
3083	0.995
3084	0.997
3085	0.997
3086	0.993
3087	0.993
3088	0.995
3089	0.999
3090	1.0
3091	0.998
3092	0.994
3093	0.998
3094	0.998
3095	0.999
3096	0.997
3097	0.997
3098	0.995
3099	0.995
3100	0.995
3101	0.991
3102	0.995
3103	0.995
3104	0.999
3105	0.997
3106	0.997
3107	0.996
3108	0.995
3109	0.997
3110	0.999
3111	0.999
3112	0.998
3113	0.992
3114	0.996
3115	0.993
3116	0.997
3117	0.996
3118	0.998
3119	0.996
3120	0.997
3121	0.997
3122	0.994
3123	0.997
3124	0.995
3125	0.998
3126	0.997
3127	0.996
3128	0.997
3129	0.997
3130	0.998
3131	0.995
3132	0.995
3133	0.998
3134	0.996
3135	0.998
3136	0.999
3137	0.996
3138	0.998
3139	0.996
3140	0.994
3141	0.998
3142	0.998
3143	0.998
3144	0.997
3145	0.996
3146	0.994
3147	0.996
3148	0.996
3149	0.995
3150	0.996
3151	0.999
3152	0.992
3153	0.997
3154	0.995
3155	0.996
3156	0.995
3157	0.998
3158	0.997
3159	0.997
3160	0.996
3161	0.996
3162	0.997
3163	0.998
3164	0.999
3165	0.998
3166	0.997
3167	0.997
3168	0.998
3169	0.999
3170	0.998
3171	0.993
3172	0.997
3173	0.996
3174	1.0
3175	0.997
3176	0.997
3177	0.994
3178	0.998
3179	0.994
3180	0.999
3181	0.997
3182	0.996
3183	0.997
3184	0.994
3185	0.994
3186	0.996
3187	0.996
3188	0.997
3189	0.998
3190	0.999
3191	0.994
3192	0.995
3193	0.998
3194	0.996
3195	0.997
3196	0.996
3197	0.994
3198	0.996
3199	0.996
3200	0.996
3201	0.998
3202	0.998
3203	0.996
3204	0.996
3205	0.996
3206	0.998
3207	1.0
3208	0.995
3209	0.998
3210	0.996
3211	0.998
3212	0.996
3213	0.999
3214	0.994
3215	0.997
3216	0.997
3217	0.997
3218	0.997
3219	0.997
3220	0.993
3221	0.994
3222	0.994
3223	0.993
3224	0.997
3225	1.0
3226	0.997
3227	0.993
3228	0.994
3229	0.994
3230	0.995
3231	0.998
3232	0.994
3233	0.999
3234	0.997
3235	0.996
3236	0.994
3237	0.992
3238	0.999
3239	0.993
3240	0.996
3241	0.993
3242	0.997
3243	0.996
3244	0.998
3245	1.0
3246	0.997
3247	0.997
3248	0.999
3249	0.995
3250	0.994
3251	0.998
3252	0.998
3253	0.998
3254	0.996
3255	0.996
3256	0.993
3257	0.998
3258	0.999
3259	0.994
3260	0.992
3261	0.995
3262	0.995
3263	0.994
3264	0.997
3265	0.994
3266	0.993
3267	0.998
3268	0.996
3269	0.996
3270	0.997
3271	0.996
3272	0.998
3273	0.998
3274	0.997
3275	0.998
3276	0.992
3277	0.997
3278	0.994
3279	0.996
3280	0.997
3281	0.997
3282	0.997
3283	0.995
3284	0.998
3285	0.999
3286	1.0
3287	0.997
3288	0.998
3289	0.998
3290	0.998
3291	0.997
3292	0.997
3293	0.996
3294	0.996
3295	0.997
3296	0.997
3297	1.0
3298	0.998
3299	0.999
3300	1.0
3301	0.997
3302	0.994
3303	0.997
3304	0.997
3305	0.996
3306	0.993
3307	0.999
3308	0.999
3309	0.998
3310	0.997
3311	1.0
3312	0.995
3313	0.999
3314	0.997
3315	0.994
3316	0.995
3317	0.996
3318	0.998
3319	0.998
3320	0.996
3321	0.997
3322	0.997
3323	0.994
3324	0.999
3325	0.997
3326	0.995
3327	0.995
3328	0.996
3329	0.996
3330	0.997
3331	0.999
3332	0.998
3333	0.999
3334	0.993
3335	0.999
3336	0.993
3337	0.997
3338	0.996
3339	0.995
3340	0.997
3341	0.995
3342	0.996
3343	0.999
3344	1.0
3345	0.995
3346	0.997
3347	0.996
3348	0.993
3349	0.994
3350	0.998
3351	0.995
3352	0.998
3353	0.995
3354	0.997
3355	0.995
3356	0.996
3357	0.997
3358	0.998
3359	1.0
3360	0.999
3361	0.998
3362	0.995
3363	0.997
3364	0.997
3365	0.997
3366	1.0
3367	0.995
3368	0.998
3369	0.994
3370	0.999
3371	0.997
3372	0.995
3373	0.999
3374	1.0
3375	0.996
3376	0.997
3377	0.995
3378	0.996
3379	0.998
3380	0.995
3381	0.997
3382	0.995
3383	0.999
3384	0.999
3385	0.998
3386	0.997
3387	0.999
3388	1.0
3389	0.998
3390	0.997
3391	0.993
3392	0.999
3393	0.997
3394	0.996
3395	0.995
3396	0.998
3397	0.993
3398	0.993
3399	0.995
3400	0.995
3401	0.996
3402	0.997
3403	0.996
3404	0.997
3405	0.997
3406	0.998
3407	0.996
3408	0.995
3409	0.997
3410	0.997
3411	0.996
3412	0.994
3413	0.992
3414	0.997
3415	0.999
3416	0.997
3417	0.995
3418	0.999
3419	0.994
3420	0.996
3421	0.999
3422	0.997
3423	0.998
3424	0.996
3425	0.995
3426	1.0
3427	0.998
3428	0.997
3429	0.995
3430	0.999
3431	0.997
3432	0.997
3433	0.996
3434	0.998
3435	0.995
3436	0.996
3437	0.997
3438	0.999
3439	1.0
3440	0.995
3441	0.997
3442	0.997
3443	0.999
3444	0.995
3445	0.995
3446	0.997
3447	0.996
3448	0.995
3449	0.997
3450	0.998
3451	0.998
3452	0.997
3453	0.998
3454	0.998
3455	0.998
3456	0.996
3457	0.997
3458	0.994
3459	0.997
3460	0.997
3461	0.996
3462	0.995
3463	0.994
3464	0.995
3465	0.999
3466	0.996
3467	0.994
3468	0.998
3469	0.995
3470	0.996
3471	1.0
3472	0.998
3473	0.997
3474	0.998
3475	0.998
3476	0.995
3477	0.994
3478	0.996
3479	0.996
3480	0.996
3481	0.999
3482	0.997
3483	0.997
3484	0.997
3485	0.996
3486	0.998
3487	0.997
3488	0.995
3489	0.996
3490	0.997
3491	0.992
3492	0.995
3493	0.997
3494	0.996
3495	0.999
3496	0.996
3497	0.996
3498	0.994
3499	0.998
3500	0.999
3501	0.997
3502	0.998
3503	0.999
3504	0.997
3505	0.998
3506	0.997
3507	0.995
3508	0.996
3509	0.997
3510	0.998
3511	0.997
3512	1.0
3513	0.996
3514	1.0
3515	0.998
3516	0.999
3517	0.995
3518	0.998
3519	0.994
3520	0.997
3521	1.0
3522	0.997
3523	0.998
3524	0.999
3525	0.998
3526	0.996
3527	0.998
3528	0.995
3529	0.995
3530	0.995
3531	0.997
3532	0.997
3533	0.998
3534	0.997
3535	0.996
3536	0.994
3537	0.997
3538	1.0
3539	0.999
3540	0.993
3541	0.997
3542	0.998
3543	1.0
3544	0.998
3545	0.994
3546	0.998
3547	0.995
3548	0.998
3549	0.997
3550	0.996
3551	0.996
3552	0.998
3553	0.999
3554	0.999
3555	0.993
3556	0.997
3557	0.999
3558	0.999
3559	0.997
3560	0.997
3561	0.997
3562	0.996
3563	0.996
3564	0.993
3565	0.998
3566	0.999
3567	0.996
3568	0.997
3569	0.996
3570	0.997
3571	0.996
3572	0.996
3573	0.996
3574	0.997
3575	0.998
3576	0.995
3577	0.997
3578	0.994
3579	0.997
3580	0.996
3581	0.996
3582	0.997
3583	0.998
3584	1.0
3585	0.996
3586	1.0
3587	0.999
3588	0.998
3589	0.997
3590	0.998
3591	0.999
3592	0.998
3593	0.999
3594	0.993
3595	0.999
3596	0.997
3597	0.998
3598	0.997
3599	0.997
3600	0.994
3601	0.994
3602	0.998
3603	0.998
3604	0.995
3605	0.998
3606	0.999
3607	0.997
3608	0.997
3609	0.998
3610	0.995
3611	1.0
3612	0.997
3613	0.999
3614	0.999
3615	0.997
3616	0.994
3617	0.997
3618	0.997
3619	0.998
3620	0.999
3621	0.998
3622	0.998
3623	0.997
3624	0.995
3625	0.998
3626	0.998
3627	0.998
3628	0.995
3629	0.998
3630	0.999
3631	0.998
3632	0.994
3633	0.997
3634	0.999
3635	0.996
3636	0.999
3637	0.997
3638	0.997
3639	0.994
3640	0.998
3641	0.998
3642	0.998
3643	0.996
3644	0.995
3645	0.995
3646	0.997
3647	0.994
3648	0.997
3649	0.993
3650	0.996
3651	0.992
3652	1.0
3653	0.998
3654	0.996
3655	0.996
3656	0.997
3657	0.997
3658	0.995
3659	0.997
3660	0.998
3661	0.997
3662	1.0
3663	0.999
3664	0.995
3665	0.998
3666	0.998
3667	0.996
3668	0.995
3669	0.995
3670	0.995
3671	0.999
3672	0.998
3673	0.998
3674	0.997
3675	0.995
3676	0.996
3677	0.998
3678	0.999
3679	0.996
3680	0.996
3681	0.994
3682	0.998
3683	0.997
3684	0.997
3685	0.997
3686	0.995
3687	0.998
3688	0.997
3689	0.997
3690	0.999
3691	0.998
3692	0.997
3693	0.999
3694	0.996
3695	0.998
3696	0.998
3697	0.996
3698	0.997
3699	0.996
3700	0.998
3701	0.997
3702	1.0
3703	0.997
3704	0.997
3705	0.993
3706	0.996
3707	0.996
3708	0.999
3709	0.997
3710	0.997
3711	0.997
3712	0.995
3713	0.998
3714	0.998
3715	0.998
3716	0.998
3717	0.998
3718	0.997
3719	0.997
3720	1.0
3721	0.998
3722	0.994
3723	0.996
3724	0.999
3725	0.997
3726	0.995
3727	1.0
3728	1.0
3729	0.996
3730	0.996
3731	0.999
3732	0.996
3733	1.0
3734	1.0
3735	1.0
3736	0.998
3737	0.997
3738	0.994
3739	0.996
3740	0.995
3741	0.997
3742	0.998
3743	0.998
3744	0.999
3745	0.999
3746	0.996
3747	0.996
3748	0.998
3749	0.999
3750	0.997
3751	0.998
3752	0.998
3753	0.997
3754	0.999
3755	0.997
3756	0.997
3757	0.999
3758	0.997
3759	0.999
3760	0.998
3761	0.997
3762	0.995
3763	0.997
3764	0.998
3765	0.998
3766	0.997
3767	0.996
3768	0.995
3769	0.997
3770	0.994
3771	0.999
3772	0.996
3773	0.997
3774	0.996
3775	0.995
3776	0.998
3777	0.996
3778	0.999
3779	0.995
3780	0.999
3781	0.994
3782	1.0
3783	0.995
3784	0.999
3785	0.998
3786	0.994
3787	0.998
3788	0.999
3789	0.997
3790	0.997
3791	0.999
3792	0.998
3793	0.999
3794	0.994
3795	0.999
3796	0.996
3797	0.995
3798	0.996
3799	0.996
3800	0.999
3801	0.995
3802	0.995
3803	0.992
3804	0.997
3805	0.998
3806	0.996
3807	0.998
3808	0.998
3809	0.998
3810	0.994
3811	0.995
3812	0.998
3813	0.996
3814	0.998
3815	0.999
3816	0.996
3817	0.999
3818	0.995
3819	0.999
3820	0.996
3821	0.996
3822	0.999
3823	0.999
3824	0.998
3825	0.999
3826	0.997
3827	0.996
3828	0.993
3829	0.999
3830	1.0
3831	0.998
3832	0.996
3833	0.998
3834	0.995
3835	0.997
3836	0.997
3837	1.0
3838	0.999
3839	0.998
3840	0.993
3841	0.998
3842	1.0
3843	0.996
3844	0.998
3845	0.998
3846	0.998
3847	0.999
3848	0.997
3849	0.997
3850	0.995
3851	0.998
3852	0.997
3853	0.999
3854	0.995
3855	1.0
3856	0.999
3857	0.998
3858	0.998
3859	0.999
3860	0.997
3861	0.997
3862	0.999
3863	0.998
3864	0.997
3865	0.998
3866	0.997
3867	0.997
3868	0.997
3869	0.998
3870	0.996
3871	0.997
3872	0.998
3873	0.997
3874	0.997
3875	0.998
3876	0.997
3877	0.998
3878	0.998
3879	0.996
3880	0.998
3881	0.998
3882	0.998
3883	0.998
3884	0.997
3885	0.999
3886	0.995
3887	0.995
3888	0.993
3889	0.998
3890	0.999
3891	1.0
3892	0.994
3893	0.996
3894	0.997
3895	1.0
3896	0.998
3897	0.996
3898	0.997
3899	0.997
3900	0.999
3901	0.999
3902	1.0
3903	0.997
3904	0.999
3905	0.998
3906	0.998
3907	0.997
3908	0.997
3909	0.996
3910	0.999
3911	1.0
3912	0.999
3913	0.996
3914	0.997
3915	0.997
3916	0.996
3917	0.999
3918	0.996
3919	0.997
3920	0.997
3921	0.998
3922	0.995
3923	0.997
3924	0.998
3925	0.997
3926	0.999
3927	1.0
3928	0.999
3929	0.995
3930	0.996
3931	0.997
3932	0.998
3933	0.998
3934	0.997
3935	0.997
3936	0.999
3937	0.998
3938	0.999
3939	0.997
3940	0.997
3941	0.999
3942	0.997
3943	0.999
3944	0.996
3945	0.999
3946	1.0
3947	0.995
3948	0.997
3949	0.997
3950	0.999
3951	0.996
3952	0.995
3953	0.995
3954	0.996
3955	1.0
3956	0.999
3957	0.998
3958	0.999
3959	0.995
3960	0.997
3961	0.997
3962	0.995
3963	0.997
3964	0.998
3965	0.997
3966	0.995
3967	0.995
3968	0.993
3969	1.0
3970	1.0
3971	0.999
3972	0.997
3973	0.995
3974	0.999
3975	0.996
3976	0.999
3977	0.995
3978	0.995
3979	0.997
3980	0.992
3981	0.998
3982	0.997
3983	0.999
3984	0.997
3985	0.997
3986	0.997
3987	0.998
3988	0.995
3989	0.999
3990	0.997
3991	0.995
3992	0.999
3993	1.0
3994	0.993
3995	0.998
3996	1.0
3997	0.999
3998	0.993
3999	0.994
4000	1.0
4001	0.999
4002	0.997
4003	0.998
4004	0.999
4005	0.998
4006	0.998
4007	0.998
4008	0.999
4009	0.996
4010	0.996
4011	0.999
4012	0.996
4013	0.998
4014	0.996
4015	0.996
4016	0.999
4017	0.999
4018	1.0
4019	0.998
4020	1.0
4021	0.995
4022	0.999
4023	0.994
4024	0.999
4025	1.0
4026	0.994
4027	0.998
4028	0.996
4029	0.998
4030	0.998
4031	0.996
4032	0.996
4033	0.999
4034	0.998
4035	1.0
4036	0.997
4037	1.0
4038	0.997
4039	0.994
4040	1.0
4041	0.999
4042	0.998
4043	0.999
4044	0.997
4045	0.997
4046	1.0
4047	0.998
4048	0.997
4049	0.999
4050	0.999
4051	0.998
4052	0.998
4053	0.998
4054	0.997
4055	0.999
4056	0.996
4057	0.997
4058	0.996
4059	1.0
4060	0.998
4061	0.997
4062	0.998
4063	0.998
4064	0.998
4065	0.997
4066	0.996
4067	0.999
4068	0.999
4069	0.995
4070	1.0
4071	0.999
4072	1.0
4073	0.998
4074	0.998
4075	0.999
4076	0.999
4077	0.998
4078	0.997
4079	0.999
4080	0.998
4081	0.998
4082	0.997
4083	0.997
4084	0.997
4085	0.999
4086	0.999
4087	0.999
4088	0.999
4089	0.998
4090	0.999
4091	0.994
4092	0.996
4093	0.998
4094	0.997
4095	0.998
4096	0.995
4097	0.993
4098	0.999
4099	0.995
4100	0.997
4101	0.997
4102	0.998
4103	0.998
4104	0.999
4105	0.997
4106	0.999
4107	0.998
4108	0.999
4109	0.995
4110	0.995
4111	0.998
4112	0.999
4113	0.998
4114	0.999
4115	0.997
4116	0.995
4117	0.998
4118	0.997
4119	0.996
4120	0.995
4121	0.997
4122	0.997
4123	0.999
4124	0.995
4125	1.0
4126	0.996
4127	0.999
4128	0.996
4129	1.0
4130	0.998
4131	0.997
4132	0.996
4133	0.996
4134	0.999
4135	0.997
4136	0.996
4137	0.997
4138	0.999
4139	0.999
4140	0.998
4141	0.995
4142	0.997
4143	0.997
4144	0.996
4145	0.999
4146	0.994
4147	0.995
4148	0.997
4149	0.997
4150	0.998
4151	0.998
4152	0.998
4153	0.997
4154	0.997
4155	0.993
4156	0.999
4157	0.999
4158	0.997
4159	1.0
4160	0.998
4161	0.998
4162	0.997
4163	0.997
4164	0.998
4165	0.993
4166	0.999
4167	1.0
4168	0.998
4169	0.997
4170	0.998
4171	0.998
4172	0.998
4173	0.997
4174	0.996
4175	0.996
4176	0.998
4177	0.996
4178	0.995
4179	0.998
4180	1.0
4181	1.0
4182	0.997
4183	0.998
4184	0.997
4185	0.998
4186	0.997
4187	0.998
4188	0.997
4189	0.999
4190	0.997
4191	1.0
4192	0.995
4193	0.996
4194	0.997
4195	0.994
4196	0.999
4197	0.999
4198	0.999
4199	0.999
4200	0.999
4201	0.998
4202	0.998
4203	0.998
4204	0.997
4205	0.995
4206	0.998
4207	0.998
4208	0.997
4209	0.999
4210	0.994
4211	0.998
4212	1.0
4213	0.996
4214	0.997
4215	0.997
4216	0.998
4217	0.996
4218	0.997
4219	0.999
4220	0.997
4221	0.998
4222	0.998
4223	0.999
4224	0.997
4225	0.997
4226	0.999
4227	0.996
4228	0.996
4229	0.997
4230	0.996
4231	0.997
4232	0.994
4233	0.998
4234	1.0
4235	0.994
4236	0.997
4237	0.999
4238	0.997
4239	0.998
4240	0.996
4241	0.997
4242	0.997
4243	0.999
4244	0.998
4245	0.999
4246	0.997
4247	0.998
4248	0.998
4249	1.0
4250	0.999
4251	1.0
4252	0.998
4253	0.993
4254	0.996
4255	0.999
4256	0.998
4257	0.996
4258	0.998
4259	0.996
4260	0.997
4261	0.998
4262	0.996
4263	0.998
4264	1.0
4265	0.996
4266	0.998
4267	1.0
4268	1.0
4269	0.997
4270	0.999
4271	0.999
4272	0.998
4273	0.999
4274	1.0
4275	0.997
4276	0.995
4277	0.999
4278	0.996
4279	0.996
4280	0.996
4281	0.996
4282	1.0
4283	0.996
4284	0.997
4285	0.999
4286	1.0
4287	0.997
4288	0.999
4289	0.997
4290	0.998
4291	0.994
4292	0.996
4293	0.998
4294	0.997
4295	0.998
4296	0.998
4297	0.998
4298	0.996
4299	0.998
4300	0.997
4301	0.997
4302	0.999
4303	0.998
4304	0.999
4305	0.998
4306	0.997
4307	0.999
4308	0.998
4309	0.997
4310	1.0
4311	0.996
4312	0.997
4313	0.999
4314	0.997
4315	0.999
4316	0.999
4317	0.999
4318	0.998
4319	0.999
4320	0.997
4321	0.996
4322	0.996
4323	0.998
4324	0.998
4325	0.998
4326	0.995
4327	0.997
4328	0.995
4329	0.996
4330	0.998
4331	0.995
4332	0.998
4333	0.999
4334	0.999
4335	0.998
4336	0.996
4337	0.999
4338	1.0
4339	0.999
4340	0.998
4341	0.997
4342	1.0
4343	1.0
4344	0.996
4345	0.997
4346	0.999
4347	0.998
4348	0.998
4349	0.997
4350	0.997
4351	0.996
4352	0.998
4353	0.999
4354	0.998
4355	0.998
4356	0.996
4357	0.997
4358	0.998
4359	1.0
4360	0.998
4361	1.0
4362	0.994
4363	1.0
4364	0.998
4365	0.999
4366	1.0
4367	0.997
4368	0.999
4369	0.999
4370	0.998
4371	1.0
4372	0.998
4373	0.999
4374	0.999
4375	0.998
4376	0.999
4377	0.998
4378	0.999
4379	0.997
4380	0.995
4381	0.998
4382	0.998
4383	0.997
4384	0.995
4385	0.998
4386	0.998
4387	0.998
4388	0.997
4389	0.999
4390	0.999
4391	0.996
4392	0.998
4393	0.999
4394	0.995
4395	0.996
4396	0.995
4397	0.998
4398	0.994
4399	0.999
4400	0.999
4401	0.996
4402	0.999
4403	0.999
4404	0.999
4405	0.999
4406	0.999
4407	0.998
4408	0.998
4409	0.997
4410	0.998
4411	0.999
4412	0.998
4413	0.997
4414	0.997
4415	0.996
4416	1.0
4417	0.998
4418	0.997
4419	0.998
4420	0.999
4421	0.997
4422	0.998
4423	0.997
4424	0.999
4425	0.998
4426	0.998
4427	0.998
4428	0.997
4429	0.999
4430	1.0
4431	0.996
4432	0.997
4433	0.998
4434	0.998
4435	1.0
4436	0.994
4437	1.0
4438	0.997
4439	0.999
4440	0.998
4441	0.997
4442	0.998
4443	0.999
4444	0.998
4445	0.999
4446	0.995
4447	0.996
4448	0.998
4449	0.998
4450	0.997
4451	0.997
4452	0.999
4453	0.999
4454	0.998
4455	0.999
4456	0.999
4457	0.998
4458	0.998
4459	0.996
4460	0.999
4461	0.998
4462	0.999
4463	1.0
4464	0.997
4465	0.998
4466	0.998
4467	0.998
4468	0.997
4469	0.998
4470	0.996
4471	0.998
4472	1.0
4473	0.999
4474	0.999
4475	1.0
4476	0.997
4477	0.998
4478	0.999
4479	0.997
4480	0.997
4481	0.999
4482	0.997
4483	0.995
4484	0.998
4485	0.999
4486	0.999
4487	0.997
4488	0.998
4489	0.998
4490	0.998
4491	0.994
4492	0.997
4493	0.997
4494	0.995
4495	0.998
4496	0.999
4497	0.998
4498	0.996
4499	0.997
4500	0.999
4501	0.999
4502	0.998
4503	0.997
4504	0.999
4505	0.997
4506	0.998
4507	1.0
4508	0.998
4509	0.999
4510	0.998
4511	0.998
4512	0.998
4513	0.997
4514	0.998
4515	0.999
4516	0.999
4517	0.999
4518	0.997
4519	0.999
4520	0.998
4521	1.0
4522	0.997
4523	0.999
4524	0.999
4525	0.997
4526	1.0
4527	0.998
4528	0.996
4529	0.995
4530	0.998
4531	0.998
4532	0.997
4533	0.999
4534	0.996
4535	0.998
4536	0.998
4537	0.998
4538	0.998
4539	0.998
4540	0.994
4541	0.998
4542	0.998
4543	0.995
4544	0.998
4545	0.997
4546	0.997
4547	0.997
4548	0.999
4549	0.999
4550	0.998
4551	0.995
4552	0.998
4553	1.0
4554	0.994
4555	0.998
4556	1.0
4557	0.996
4558	0.997
4559	0.998
4560	0.998
4561	0.998
4562	0.996
4563	0.998
4564	0.999
4565	0.998
4566	0.996
4567	0.997
4568	0.997
4569	0.998
4570	0.998
4571	0.998
4572	1.0
4573	0.998
4574	0.999
4575	1.0
4576	0.998
4577	0.995
4578	0.996
4579	1.0
4580	0.996
4581	0.996
4582	0.998
4583	0.997
4584	0.998
4585	0.998
4586	0.999
4587	0.998
4588	0.998
4589	0.995
4590	0.999
4591	0.999
4592	0.996
4593	0.999
4594	0.998
4595	0.999
4596	0.999
4597	1.0
4598	0.998
4599	0.994
4600	0.998
4601	0.997
4602	0.999
4603	0.999
4604	0.996
4605	0.995
4606	0.997
4607	0.998
4608	0.998
4609	0.998
4610	0.998
4611	0.996
4612	0.999
4613	1.0
4614	0.999
4615	0.997
4616	0.996
4617	0.996
4618	0.994
4619	0.997
4620	0.996
4621	1.0
4622	0.995
4623	0.997
4624	1.0
4625	1.0
4626	0.994
4627	0.996
4628	0.997
4629	0.998
4630	0.999
4631	0.999
4632	0.999
4633	0.999
4634	0.995
4635	0.999
4636	0.998
4637	0.998
4638	0.997
4639	0.995
4640	0.999
4641	0.995
4642	0.999
4643	0.999
4644	0.999
4645	0.995
4646	1.0
4647	0.999
4648	0.997
4649	0.996
4650	0.999
4651	0.999
4652	1.0
4653	0.998
4654	0.999
4655	0.999
4656	0.994
4657	0.995
4658	0.998
4659	0.997
4660	0.999
4661	0.999
4662	0.999
4663	0.998
4664	0.998
4665	0.997
4666	1.0
4667	0.999
4668	0.999
4669	0.995
4670	0.998
4671	0.997
4672	0.998
4673	1.0
4674	0.999
4675	0.997
4676	0.998
4677	1.0
4678	1.0
4679	0.998
4680	0.998
4681	0.998
4682	0.996
4683	0.998
4684	0.999
4685	0.997
4686	0.997
4687	0.997
4688	0.998
4689	0.999
4690	0.998
4691	0.998
4692	0.999
4693	0.998
4694	0.997
4695	1.0
4696	0.997
4697	0.998
4698	0.999
4699	0.999
4700	0.998
4701	0.997
4702	0.997
4703	0.996
4704	0.998
4705	0.998
4706	0.998
4707	1.0
4708	0.996
4709	0.995
4710	0.997
4711	0.998
4712	0.999
4713	0.998
4714	0.996
4715	0.997
4716	0.995
4717	0.998
4718	0.999
4719	0.999
4720	1.0
4721	1.0
4722	1.0
4723	0.998
4724	0.998
4725	0.996
4726	0.996
4727	0.997
4728	0.997
4729	0.998
4730	0.997
4731	0.997
4732	0.996
4733	0.997
4734	0.998
4735	0.998
4736	0.998
4737	0.999
4738	0.997
4739	0.999
4740	0.998
4741	0.999
4742	0.997
4743	0.994
4744	0.998
4745	0.999
4746	1.0
4747	1.0
4748	0.999
4749	0.998
4750	0.999
4751	1.0
4752	0.998
4753	1.0
4754	0.998
4755	0.997
4756	0.995
4757	1.0
4758	1.0
4759	0.995
4760	0.998
4761	0.997
4762	0.999
4763	0.997
4764	0.998
4765	0.999
4766	0.997
4767	0.997
4768	0.998
4769	0.999
4770	0.998
4771	0.997
4772	0.998
4773	0.999
4774	0.998
4775	0.998
4776	0.996
4777	0.996
4778	0.997
4779	0.999
4780	0.998
4781	0.999
4782	0.995
4783	0.998
4784	0.998
4785	0.998
4786	0.999
4787	0.997
4788	0.999
4789	0.997
4790	0.997
4791	0.999
4792	0.996
4793	1.0
4794	0.997
4795	0.997
4796	0.998
4797	0.999
4798	1.0
4799	0.995
4800	0.997
4801	0.997
4802	0.999
4803	0.999
4804	0.999
4805	0.999
4806	1.0
4807	0.999
4808	0.997
4809	0.998
4810	0.999
4811	1.0
4812	0.999
4813	0.998
4814	1.0
4815	0.998
4816	1.0
4817	0.998
4818	0.997
4819	1.0
4820	0.999
4821	0.999
4822	0.998
4823	0.998
4824	0.997
4825	0.999
4826	0.999
4827	0.999
4828	0.999
4829	0.997
4830	0.999
4831	0.996
4832	0.996
4833	0.998
4834	0.998
4835	1.0
4836	0.999
4837	0.997
4838	1.0
4839	1.0
4840	0.998
4841	0.999
4842	0.996
4843	0.996
4844	0.999
4845	0.998
4846	0.999
4847	0.999
4848	0.998
4849	0.999
4850	0.998
4851	0.996
4852	0.999
4853	0.997
4854	0.996
4855	0.997
4856	0.997
4857	0.998
4858	1.0
4859	1.0
4860	0.995
4861	0.997
4862	0.998
4863	0.999
4864	0.997
4865	0.999
4866	0.995
4867	0.997
4868	0.998
4869	0.998
4870	1.0
4871	0.999
4872	0.996
4873	0.998
4874	0.998
4875	0.999
4876	0.998
4877	0.998
4878	0.999
4879	0.996
4880	0.998
4881	0.997
4882	0.997
4883	1.0
4884	0.997
4885	1.0
4886	0.998
4887	0.997
4888	0.998
4889	0.999
4890	0.996
4891	0.998
4892	0.999
4893	0.999
4894	0.998
4895	1.0
4896	0.996
4897	0.997
4898	0.998
4899	0.999
4900	0.997
4901	0.999
4902	0.997
4903	0.997
4904	0.998
4905	0.998
4906	1.0
4907	0.998
4908	0.999
4909	1.0
4910	0.996
4911	0.997
4912	0.999
4913	0.999
4914	0.998
4915	0.998
4916	0.998
4917	1.0
4918	0.995
4919	0.999
4920	1.0
4921	1.0
4922	0.997
4923	0.996
4924	0.997
4925	0.997
4926	0.998
4927	0.999
4928	0.999
4929	1.0
4930	0.999
4931	0.998
4932	0.998
4933	0.999
4934	0.998
4935	0.997
4936	0.999
4937	1.0
4938	0.999
4939	0.995
4940	0.998
4941	0.997
4942	0.998
4943	1.0
4944	0.999
4945	0.999
4946	0.997
4947	0.996
4948	0.999
4949	0.999
4950	0.995
4951	0.996
4952	0.996
4953	0.998
4954	0.995
4955	0.999
4956	0.999
4957	0.999
4958	0.999
4959	0.997
4960	0.997
4961	0.999
4962	0.998
4963	0.998
4964	0.998
4965	0.997
4966	1.0
4967	0.999
4968	0.999
4969	0.999
4970	0.998
4971	0.997
4972	0.996
4973	0.998
4974	0.998
4975	0.999
4976	0.996
4977	0.998
4978	0.999
4979	0.996
4980	0.998
4981	0.997
4982	0.998
4983	0.999
4984	0.999
4985	0.997
4986	0.999
4987	0.998
4988	0.998
4989	0.998
4990	1.0
4991	0.998
4992	0.999
4993	0.998
4994	0.997
4995	0.997
4996	0.999
4997	0.999
4998	0.993
4999	0.999
