0	-2849.658371111836092540402588176200439114705508950872011023879345361639525887705
1	-2893.922089972710680045216561961966909799067881683018445687119008225805672027006
2	-4094.764533903211103025772194607112434234435079940249256525616739480223663444575
3	-4173.514895584529288983021572966896354370137157614410987662490021250215350059533
4	-3336.103870823887312332773118193313594268518557101018390806627285906827821780116
5	-3354.936789401945831319116474033423078076568307394391011111543040439275609702926
6	-3615.39439930028474407910996069787879666448555312253386584801110862376003471371
7	-3651.912042206431412039833660542690020403307094810386350810568829902097876878896
8	-4233.245146331887315144883337123311438427723174853224745332661073921323385060615
9	-4339.182292347842101384945078546199640651347745720142988738873056302050381477587
10	-3902.973198063908586990826885512361131037694700919660065703279755831680016201586
11	-3950.612310621595637802721376542864143516260257604273738943027710182790140360777
12	-4089.289127464094917919287894476158327483141490214232546344655189675007372764021
13	-4116.884775278457971656711164172020497577609649508254707196149259729656826239738
14	-4132.287570819339716077301973364699245435899468442559458137232553035424966030793
15	-4253.987851750454015889368237070145607782748914215569484053534484759016421006178
16	-4050.810065221756028472900866584447804095294228421759477126970023892326139194891
17	-4218.383605336639807146985222886862433845430953624673409868344905320403307015472
18	-4022.92047011614879192352953519386328421021703180655967941056260906208665776681
19	-4171.944852790145615922237686141243045951339364394972108270848434746229363547533
20	-3925.441581278196243163609671538092481333837645977347006151718673905529347046995
21	-3957.825068363910824129537733812211762689840408950240459172189441179337187622696
22	-3990.337363849002859435692493482425750862061591157758346514415031137105068269805
23	-4129.617194818713988670356933685823558937650825607175607731977163709442790313683
24	-3976.295524452858952354939710165166415395973516780094075591099935396699008125893
25	-4045.59195589451716485398187624373921369609934355286368757950731275263304759441
26	-4071.47534480617852957328356491221550093692773059000134218596878759586062422499
27	-4186.672113994736651803352518624738154311246439588506256945814148263942315089838
28	-4172.216419917008299362444759674764168368193797857039666180479765281321328107624
29	-4234.286842445854668621336713961404069985739247662425112614339863385464989430113
30	-4115.078888435470315163982077974670467182608142683889315962498831284645965953645
31	-4188.556673812465659592166758741705984191649082305379878184908631767356483786833
32	-4190.282898333501410741744078836708976703996428383661489424908087325302269637138
33	-4217.218355823069458536440558358667100002443180647242207659567811330566836451825
34	-3952.537555652369850522151649716815433220528434115808680619279477257476643299119
35	-4202.170983723152485426560903520312339165177535036934985772511333909090791639206
36	-4018.093832695805463836728822961302042442559391579227496468928627924045714314043
37	-4037.162533954929085630950827666368482153947536530449950483963676858420951925763
38	-4069.096040374944226506272030500568728640037297009075229355817169386467167095177
39	-4107.877555770737343170995078974786850890327979056420312139297951214725042885366
40	-4177.707431614137127278697292503550119616121833475019079266474240378989389523892
41	-4276.247407422331795696826586897609735167489348753769615676025650814873436423494
42	-4059.389323332610045984512294569475816536003595271779772034801717258258025158809
43	-4079.825597288145695857376001400707987952438373492025836657154116671321003703757
44	-4215.725573131151867053036113849922210358413656430212338456008674483568541000202
45	-4228.235024217001613143311690314987240441779289091770265212848985420581108035871
46	-4185.063796035803498457982487677913237555894159739503600906839374796053984259398
47	-4442.488519535026937457829458863615781677206737904573727036163296276362403391799
48	-4524.170822107660578475493410252154110680467407502125528706562141933245055097197
49	-4956.834873284476836692109304146836210872324783202517637470115450943583273907926
50	-4145.413311681860144554812275360225731369888333230966766314545616563946323067143
51	-4417.076569919997499354261208955005016395908311449533266047633461952038651474554
52	-4051.143550334917582527379378941649429996932981996668409551611124350838319623534
53	-4132.943200101473233341369340222132066967425759786840098663825583098085534898709
54	-4075.34322051996076734168608665034485148247502130435086515624457141902269794227
55	-4095.59413631804894371424340077748609880377229054697267525096093210782866401517
56	-4263.293949628160368745916277125053002608945485004238647847211117317551697963826
57	-4305.600043054850925438285271524891894699439696131522359932941509406073459962247
58	-4074.623029813372738168614486599184742222506826609263863338227816258824553869107
59	-4297.338289851213649898314485276747168694912016637288600692237723700935377106524
60	-4490.43574525033970702789945672691169909458541457385044817834521033025679037408
61	-4787.293723329143399305798416583499716193198454672012849732855612095477219268385
62	-4096.077756715775963318592703845097312793400766232005430367538678795866080475233
63	-4205.502335896502936373549790999937797229603596255516163588661434542510765409814
64	-4250.666630480912357854083457259269244307597989253507980109466010047249469908264
65	-4464.940428717707596240961171488112161423296903533613584319997072223051404126114
66	-4107.275546695424006004641679411259617057267156195870887463065774193687572382336
67	-4160.376858105946265491404884440619908933457307291748648219703049924498814973893
68	-4364.17815716026591697975581037435662567352937855469589071528182476753294041003
69	-4508.719702503033458512637099780538672464647932941824627989049094996307607403045
70	-4058.156974714611087101405910086814695517297653889630036799888393039156617488344
71	-4088.715927067080373888466146550923834512939982057936186424766262233296128035465
72	-4147.558557749041630081097988155894876942482597513356239791594732348475984023827
73	-4286.82607759464559519281922619654015378051771163596554582855685635669891346219
74	-4204.136476115654376790886528879227089013038052805460294550671684090216727883246
75	-4283.47578601635355552286700912583862731638229801792165028594884611456075220715
76	-3971.169491536859178901051276693545956238655343522913289264032511529714797145551
77	-4030.04547468172768580293061108822896987169771228590188182172886421687468195085
78	-4134.40013450939263824445525160029574297805510067324106579978603615715688496572
79	-4197.176366977160823860696519242332331638789275054750621010029127966002272538242
80	-4435.878224875031893288661406506664223073426443165496545845305476956167813420087
81	-4793.977881185197735760856235954597967376216818383981934511351991786634942770812
82	-4385.245634343035730859166915154619264532379439738402940771534566458404936793824
83	-4843.094603482777024332602565430247874254032287950266211351813630363458296381712
84	-4029.91747144250191225064195415298329056710486985553035908574428515387955861776
85	-4130.159049009283302507085999422786332315843441947352138248267941716037916714501
86	-4121.45529945550458306914187877099899729655907699835399446746021434100474565988
87	-4168.964738464485495145304858191345382445806914629044238483938688574489556336167
88	-4077.43679862192256376408144012780617653668091004920037457883714801452228853884
89	-4159.907624413116923732216525077639634416510903236947949246422425090846623325797
90	-4220.582691867562578796574589436133063669245993105938100927514512385420056103674
91	-4548.26979647771240623857767293789270429792901317010687401992903553194027590104
92	-4200.044971693047810568101600810844526817694995270273664696620848753286385764303
93	-4576.905002102164863607584115549443046172449943154724898030686217248443377874084
94	-4262.696281947482052887694886347387389645094006509825969197858924202549200720883
95	-4356.180968351800757203371351395108743905042812406201814156283630478301264413545
96	-4166.916059853304670224219407452971551893279811072987080355147865523508882134437
97	-4252.853362599333549491282892488597626165535115651098395351052875654337521184055
98	-4268.460396780453613052551599735913282209051672940045561582633227104373528139631
99	-4427.663564882029289427038891337080672358883136814267943133615229895888966699785
100	-4121.969485822246998128403985922587692167929179919388846366393202384671696292229
101	-4147.491466973067254777002419000624338313472287851078993893434443211756352206263
102	-4197.35230661232620061895480343284736335233051577281651430791469084104752785027
103	-4309.123592886070493673068716623762388517194933085770142799829031182316476261898
104	-3970.834954807011458257487813877987560453744188490895178300371704523897951018466
105	-3977.360114665584573392453640693842342677256445770380226797839723184679258874104
106	-4160.294311863563928411576439533568617729224228000214160409382205948154077275471
107	-4213.756971732373687642169004803702606463638345426780218337710560715010607544782
108	-4256.657715811958548745422169161921797681866431606855348152569120756130414490283
109	-4270.698175448664442939143889808206185741266476253769083482096709569666809259323
110	-4343.25448957925885405829686627548547881356777492757511500867953963966065636307
111	-4739.385899516974874703557661316986932601870222813118011405380376144452158811035
112	-4331.759236835960432529662473123470330089957820133520772363806234070314899496438
113	-4557.844989286590363571407825936247231336243298978581667077439837187513102993033
114	-4118.437538495900187667907803492956696006072432583999316628975031661849648143357
115	-4224.100714949675840122290941284953230011823347904696298099340667781833787917585
116	-4207.57451360019567016153390961757502170625428293872775113771061333014138143486
117	-4495.865786586050535437811128572796770615712934278833752058050657392725004469342
118	-4066.479794833355712744521643454342299169284117474840695280124465454538669367877
119	-4122.079026055434367576393120865165906759938754579226267626403577593479137863053
120	-4300.804710044793849103935098476237487331640919156069414850109798340306767962167
121	-4685.929918567305905970025045620917110985881218425535122026823976642251051230437
122	-4306.114673200771576350632761581113851261428476607751963966611107423458292160576
123	-4332.614317702136564658432730986875394834269232620285721004708815627381700333761
124	-4150.371752178342946535835524419164376036719151681319446757571141586566432453937
125	-4251.508338698353457345297920895769743908466762052424931791102932355322544480998
126	-4396.572278876769241122951303517217489612328917795468903484451021784376231227622
127	-4472.12106923113635455471232066254074908342073113853749825896729876820693076705
128	-4346.511328567623552858637592553578914662525403563951141301099879293917037012514
129	-4371.07294396334798807937338314528561373504851412140753831776756755669917645195
130	-4507.942204187073895740819052038170919871856986031007721699775444199910190538306
131	-4824.282717207190128410707307851756398269680665250031321020465375305543072993459
132	-4156.680941237414864893382768621182364337480447257341133364961099164712604001651
133	-4226.935746543698178474193090946970291204026830529714711145610361510101327182605
134	-4127.634430400089504568000033150170895676372310430652773941835716386593227108481
135	-4190.188563438305108211679214765229518231461661746376346270899567372623493876329
136	-4537.033107648030959297197486497359464208820197957547102233826958331212712506547
137	-4664.508753153832457474185864863296574499790293612376403067913586002376224509529
138	-4224.422893676207179700805522524438423663176914303413253420179139903788362288169
139	-4446.352117051276427709971196512260161172828752198154207561496531627521364138162
140	-4123.201095396661039641910012211057822253796830565366947499709502783745084737133
141	-4173.394893619332900972722990195404842079400043998398169682016503878416164912984
142	-4344.194167620304316939946758798442250389069931704688529638761763785096784217873
143	-4601.010545623620872554709575324917070910840471216602873261947410321129441527152
144	-4289.240150884623325149792210212831291828308031627680975640487667802897526851115
145	-4574.971767079471183177533794812861618979002870738563165947137344863632399729858
146	-4266.109997679041701989661562029237448908547438714607892300976599388216512795493
147	-4497.551022794964893298961639466478285252996576569311979766824922592029269073826
148	-4255.51766374920771217176200877187184414087030555188853785318593977320185727313
149	-4385.620820937437556507815321449000023734957404651799709030724375163326357253672
150	-4257.815658921100344459376845877638044992611556271914292159185193927737037795798
151	-4534.875306364677987724630204594059989291030263851348866796973120609984426229368
152	-4238.541372600393583138477072113752689939186331029125489573865887997851360436542
153	-4258.885205045454510741836322867648943433274124896502719822350523702298587350221
154	-4189.817392361237963027207041982096145729634915196988972966300203154174728289956
155	-4305.276077311445051984872207161292540523918952612842324384459692015931073211658
156	-4332.173478123960349887279363821683024901681052309943140507642804336896458949375
157	-4826.419822059350674529393121297236959589233019215584094945937360769071926306027
158	-4063.564577591561654273497466614006474477678454384873717312908437190891251103877
159	-4111.889480493593763887541796067489234185265801239962969310489045805892641674178
160	-4353.840648172127740758488308069171301546896967284842855536772116742763879279368
161	-4431.883222569154903016026143632441711735498210312015263884783314887404131886898
162	-4254.456414648320389240489711797267230210094275431635087468923435818585521099803
163	-4353.285032864910875664018424943081247258851626528667634787869429726199733087989
164	-4100.23650959100733967988534996581854057553304782106828157830845582857389938498
165	-4116.708762749113460657017366811533231495459025018222345060095077619473522633318
166	-4081.106423389555392434915940030900923736553209262612189544053969969738684276935
167	-4103.080302124060969713352861471573232675428693841736970544080727214725307522074
168	-4321.834759325299716295889924005594193243871880395145908749175575217847461963268
169	-4823.071012039914478507396560288815795272481818045304622457802766288443728666713
170	-4427.208664457894127286995087363315298917153255788987361527618832790125897561133
171	-4715.408193767837691482872770943895887599464460824811031115529555878429547314102
172	-4149.036117671981720578453409809464433211066630792072066331522693411558699261831
173	-4271.55073997874026011719989112041424192724042673869141263269388596894189757007
174	-4209.615432894876075766875992507724039321219924662619128702119123349553119930858
175	-4470.692819132306565564118027628947039539703705732029284930333343909799426153666
176	-4297.090352000443826260740382881068846071037899746598788899689997856555751962187
177	-4735.021368530703384651409358212607522104175014654904091631732630297699094485281
178	-4357.948972834409011610257026631828233851508004102376385788773312719520446243542
179	-4483.112341138387736577384780935412505824700699643570316402929597009382262890257
180	-4187.253693381540275707043604320772438093497965531842980187117959002811409304701
181	-4240.639806621356792839652921987740452257890995676142988611744639305319305201073
182	-4356.586611465128809622785371172404518788292990310131448645627044442394938610402
183	-4456.87311621213194489386181774686565537896378447237638067760174262082925054785
184	-4249.960793356436477710039713370050844598787748948166536893992395696771002599562
185	-4449.411146840327796531593676597864326502326691514765197142875927873289574291622
186	-4124.4606349624221478501984460245931068999543184941947194400265184059943710678
187	-4233.258764878301562075154321945601063010218932822166839328583911100227139029544
188	-4387.572663152739249056186611637156072746700323119787514605043031272345695426866
189	-4511.264406698698473057530554151071872690018745927615155875682223270210691392805
190	-4099.251381557956686663137675237489481457398849205945973009827422634536188017369
191	-4198.046332100028974379108512534318864299976553738947864814948280678453342716041
192	-3904.817315566628154811657286748095337395077228031170410600030513962516159521239
193	-3920.246697459882929250441785497343459753769594792449011414811926392723758519424
194	-4259.729231826696227645409900215815558855475554048384401989587850721997660779277
195	-4375.237655742170618624549514796729940714506524901672573456800733421870609033359
196	-4284.56686298261458139353642391755192145261996244481458167931718807132038349501
197	-4347.718820763393511123748788218258077009213916477539144963672701683621556801258
198	-4671.908305798331454778342888063842705567402322439324805433696177329736563114203
199	-5253.417275839730782249241204875831874135003635600559448272161363904177086264285
200	-4300.821103024279513852937972759683261431343027988407995218777097732925469529692
201	-4521.283462556700381433956250938985566005857035583166173300800427274288826571177
202	-3943.847063837869096274839996705327368369785679336439616612039522379397187838336
203	-3975.014120938976760615398051589578212800548431321329294269633414700001490104224
204	-4258.043677481858184802836393700401372033663116982803309597060535050830235377311
205	-4517.875367156925186917620222213984166927985295626475775878129702178156954976984
206	-4375.646889310947044936529391799957087915660644690027249178408138939277979400907
207	-4911.234909134856017520000740438158987665839672678233894988987223133369164773954
208	-4315.399420208227469862802161542347069707667852907819157096048263697948479718573
209	-4537.917022369850959799045457103509882256631275398257542220931720488445535333468
210	-4281.930682760013682069273292866801971710435748490131336267159635831756600401804
211	-4513.788784769322924856716589499575794557015682153058622079134414025716967100091
212	-4319.705242521214956227326754148258239731481333577854616721882215842481566781001
213	-4376.645430871411861574822814101533370238704577934547601876592427914945757962718
214	-4545.134395129640074595854485089949707834027437858620852829521112106245893123957
215	-4741.954241533584706765043958347097180681481748065220322279913208333763409979489
216	-4035.679590656859174146068377258356325993854192878157774582848841062316629329458
217	-4047.308372321641340209899316771992457954490648248303948487447785005039846410516
218	-4083.90673614256692120419124081034690955715633456013589474115744370700585310274
219	-4101.240989331407430020388998652033365631062568418006511695558936365666501351688
220	-4389.330803803058056588934413594218798557336612835991636645163795135891849629864
221	-4859.902275514918089226506247485116183202323943288717159869341422558167613730573
222	-4369.040918076802068697505180675427032488845106303130909151860341010645672989641
223	-4826.535900426221965098488758425784274415126313116214297010310501392019573695529
224	-4002.774018532200894534047604610446731064570646077928099159874334281207365461376
225	-4164.204393218344575767290558375988513867398311225656611105317412653815269241459
226	-4280.33725683456912217130457497935011396648500110308489503252292188103995189938
227	-4346.855016919051766633515499204199710557596696189510163248298502590603322496844
228	-4172.030465306735481795782512317023754111103243775405302500771297713419381233228
229	-4190.785489039979413841327553298304217994036222899698299354815673614356463705038
230	-4307.082457426912062614941528091124864401000793734495504024767058606075598918805
231	-4682.541536020010422569039177699212605399204191616018501724873183410462068857627
232	-4291.683688184864409113383012199350111149487655974614174900265096964923397912458
233	-4346.851152767440876209700036409037087552695747728400386773650301090294482546322
234	-4415.780518088513865066905113152928947772602619796729332829257975045599168990968
235	-4677.141030971450749441464049077429974407982591406889481477128201573796010168837
236	-4074.012462300259353507285429269670378495831038672879649103010842913900700915361
237	-4412.847397200223347617060502278726181261735595603477772440249611746919971073457
238	-4388.91642164639857945258259900985494925564704392310970559065808221661053136527
239	-4563.425561920015949776400207929167310176526360500127695699371372289024604341407
240	-4034.611186591628981672763025811424041842795081160354046238027249657201557719573
241	-4045.457631668832176043681879932381089396256533939106428626836851401429821739726
242	-4280.716227256171354738496508695209257895178848211650024480238071012710605210706
243	-4395.982521387912516914442188794903742883217007108552375399456031768802318616477
244	-4231.347440767582171175136325254059859888229044862713563995925599749368078532104
245	-4292.287187819988484461806343932519143059863068446223082743399523625211364272159
246	-4018.82795795458153159360306938238218874174705537390209945986949138115246084711
247	-4073.966279034704777506999791322819542759913907577845819508079007497563989791774
248	-4304.069567186583082575929555780072838337052805331736400502277714193402139363288
249	-4332.434708841430268387337013486414436874793046194159269743921174012964315806736
250	-4302.257322067873336859245366771007695166622571542920422081811094386470123600917
251	-4567.00671462886924966113372694623919050417597160947516159043040102385137699428
252	-4142.63449157790981334097669404296776479722533720822021835667403571823646240403
253	-4207.45482513111322000932927652669682040327201469127922390005097199077501703279
254	-4286.723966823444016789120639622832590382025607214649322381502332127443768273737
255	-4416.5346867152366973440253529358076221309486009346503881323478659316809083694
256	-4125.466061313840440817232678937858884628092892824190325973623184424237969186168
257	-4182.929134721676143818057054045392416093481293299119536979846221514258288646673
258	-4194.009660902414782018794632712169445950826693147723508322222416426842473978034
259	-4416.734703457454659976586845505272288972256969363226796044939492529188114133083
260	-4260.248752570128163058628885892997094300803428946596779352044758089092402708044
261	-4333.453456561848429012257375360026835250530155415524617456169084340513859983629
262	-4320.688252869232288487707059909085433223925846350107893486703270554197862856776
263	-4671.214576624701493703415511290425134537737357066916757261748903397884530690153
264	-4170.832735816917953965265276868403981409082498224060741302743773258991907700046
265	-4325.801934110171589123997067364008669633194728488325136623211741163120757590639
266	-4072.753061329032734551479887601966440412281987067160621522013398410089652484728
267	-4155.83067515252860974443367135958540094199667569530979509102996576938473545255
268	-4350.402222378354589401853786547560430401581567935430234915627430288999006718711
269	-4432.754700017880367254489281561160101814777887333556524928432822951695539052388
270	-4107.801620108506570025659579531312768404347194008716446409348387401224892905678
271	-4252.422097240807790336880711942309603808372027349233734866608829421851359365951
272	-4266.483772123029145801798009431407889451907792268034864964844405813358893476249
273	-4407.124198765564941019575795203888098232110099103057602608073712413874955161814
274	-4206.402976265184073029214352491534483008937945809413641025647835987529014805425
275	-4250.991932040895917961736763035830001092009169456056857034892289191165604295293
276	-4298.581047189216347073415284995906503419583163799238469478389714505002036312511
277	-4326.0608570765472550726210238759321966470327356498092661790208440000173709557
278	-4256.387376740738774081114688432284495957049276420118386407866605073768408690866
279	-4312.048033040399023533213708793717907917373501600320056997636241625699251548051
280	-4470.479711105909033458925867729522841740798946918079664289172948392661530799534
281	-4659.414480943310520668004675232416863144010676051896087218830298476235394637338
282	-4212.940694261511117654254188158068001240350492599527677121810146130598680702175
283	-4255.431592491548549432142956714334048229414889950107973526793889764174416558313
284	-4296.979715512112088277389671445860109497635469469274079535129945241298763526257
285	-4571.619891626537691715818470265672110775776933622919638023241134275667438686784
286	-4374.456621014407529071415205130900476114101262870696043606929382715932291686361
287	-4635.973725218109020019975735134035959021696993818849250976496124172670602914398
288	-4182.36089776641635322873492834256022339228220772398402400231373789941449859363
289	-4284.260364732861449776925053749375465716821731007017607918214025903741057738312
290	-4058.334201515679226299683956780648479471058030312204469671226751263051257388771
291	-4146.757882657986567160876983695317582275162187820206629899697086857589058818214
292	-4168.761689940255172306662916362601752392423830940746570620601279693158018096598
293	-4300.519353452950533806072316809479638629022891297519437179995127605906683762444
294	-4372.6946214097189259319317933389271766086354530912957182299523165063964487939
295	-4535.444381400668110833805918002233555689205610984012916363499230059201898882856
296	-4419.883973853953864123166740251288097369385962862772087328597333377148048362703
297	-5049.816081774855042285591853462646246937244833504752610007553392401546557878655
298	-4279.20589373553176470311863006998517036129738906953848952371570168518046562394
299	-4374.850074603560208852221899262316418709043622070976263207661671412138784857962
300	-4242.938260495522149428836168431176617499623163922842956288934992841646644641166
301	-4276.852976453702854954948863850351014614318500121668065825090419405600564224803
302	-4589.81883964726668504235470802308617834490143673797770806619495269827774773916
303	-4977.030495391973012409754489172828874570572730663607243122186012814723378547751
304	-4414.488814024422539340561383564251431146756796309447949830708763997322306998992
305	-5049.855632431718891679519837962208796531292610579210479002330994922594514538364
306	-4083.051308140092861748969690029698223752793437763698855617421449903052773564008
307	-4253.730874843974835311593809227374121677016665439101813928665316976176647985663
308	-3964.56127594134444224164958712964346970897087796553106918457850519789049172883
309	-3993.412250727525235765210844656941303137220952581863686695015036049523180015948
310	-4149.787530199463167951821218757873230893832825634184462937638618242734491415181
311	-4205.455315868943337580220509730513168551734917437386722288942898676790375184128
312	-4140.125294886847385052397066904687487475670579443815093137225627667389831436312
313	-4260.568041665022273188141786262436233775832994107612059506674188320578751306884
314	-4209.479881490278147837166587978496707360511392174820884560037374847588024087734
315	-4537.186658341447071911513554701765238617371453243519856328775213757001889466843
316	-4168.482069235356278109044503755704064265482912318463015809879128415067871377971
317	-4271.141248445623769135458955620266784306993521191207720255536865060537951112024
318	-4220.966105601953800798159661195910529319735234373778065196484830010932951361458
319	-4341.259658689717084843959349764016435714320120436814251850708698854220014627583
320	-4171.122663694117492933884956650134962523075108853625783186471823123664071024027
321	-4262.428316590628458839805945418305917616555538062441982841419517902399069123016
322	-4132.337597351176013533428474772026329579413261029181231078857467704530091289257
323	-4199.160111347685574326062589801269058233995655339984370965654163334722347815299
324	-4242.23244217418370220194922305224652724136063059516823743174447377156461870121
325	-4474.742568845506192221810333656982303225851237408781943863158538796186726859823
326	-4260.885361335699390502131647993275334509638519876249790105129143059926404955996
327	-4558.843991237356486825115912490147556203487567832595441300081678956951460530923
328	-4163.525441025058959635233442026278361562068819647181462669527072443408339015838
329	-4270.074037797701730281339927833779886053575671191960704405936345441821799877183
330	-4192.137285561217181040523080375678143223006301134848801826182813926570219739501
331	-4328.758691760820783081192797652938356923528228236564847674997930082744303582457
332	-4259.50030830786839878800644705986006246027792848879386977897839067476018256382
333	-4326.538406276152312937832573417709418232230447168810085557574216380893007345836
334	-4220.898824395978100078109448240939980589842392617092952702538277145875506931128
335	-4602.829199526932610201388001868723146653573414608363675930965531804116980432821
336	-4134.584489899375609738839545113361324867155023246007656291034355445437998387175
337	-4304.012828440920555203689983560745419866654737157757078308273571025825370562803
338	-4121.963887716946076696712708613145844810128228471030093101195505834104424897183
339	-4131.362659532465084529808559186738429543902895722293212362532358304299529424327
340	-4160.299138048641215063149109230912272423897897535603446512573410991791276835092
341	-4211.110538374085472865460809630033844361448242538653412686906992236685234784854
342	-4167.159413614838841682191333715635267121876658296377555531109450983690269575553
343	-4419.331563949595896319476647624352880782773578471944909145502147349005666089807
344	-4369.204336627986260745524751819422034327747863760250260754229153624185518158564
345	-4652.824449259553278383641712725198935112487166758744563539373311986626423210204
346	-4228.616087330804633650237930798124784912998478628855006017340370236648007669887
347	-4459.379975521566224791288535607983036402469604105995326974052284134600880344554
348	-4286.80228469368620872211861969670686814196488225840182175578496952632904116354
349	-4661.625574031335910268833877509542452741259535245923191658602773592038349964096
350	-4111.20699232658946623110860685056191483435145375099878114458641094980182618919
351	-4286.084404768459211631937180636333827201916914291701817879499760714387863374757
352	-4125.081644964668685372876416656756349830007564261156268650080501250286673380695
353	-4168.412978015476998496091736928972042685865508442031954780529292446262784334707
354	-4185.333498437613896512023472169056379690943796002701659921709229160837566729919
355	-4275.450573849867114731060709771991506137855344740636972845015910586041285907313
356	-4224.504956026047661510424030892019833374475285044560780358109648672061493556154
357	-4372.219962614761854882596239168581592106876815054148887974197628770141577104964
358	-4314.035846423984005236819598726158318508382963107186982459928578075602496542402
359	-4418.77009664517364691310891386527679290141108145093576410590854298914031836883
360	-4420.007321779790841684762782394170042198914528068582638000182755972692221216667
361	-4558.889995632202896949232594398005118336340611504465197457921489036098039281324
362	-4204.669829161023793743814639255510964653591293953365303163069559889262304334236
363	-4447.65340355180171387772878767618033520714681444690449863416361612908244075688
364	-4240.86324501206175540898622842235099141208137102496536132205486685675022778915
365	-4415.011018458110779580198520050280632154520394890516387118516560925274499329193
366	-4178.093454885583528369493875946729839673769306967598944577266117621602023757972
367	-4193.656108608655492427391952078964243587787576518949143476247111442922903166966
368	-4283.650952613738611608352012603913820693404485621009083994605962112137756152822
369	-4524.305117634508472757842471541894315967759630210997184346762881700124530890785
370	-4224.955042916902448468112036102053798723034406296666114908147129097976041444179
371	-4266.932163576029408399217924418229621840234926355490169939110957241821676094961
372	-4217.868422424193550368553912074129372944107908829245076921643938927735175356227
373	-4382.27723291848449834803516459453502543783475028869833830419912856313659855494
374	-3889.189014058945069065452834492846299619165178666605932210982435013445283395911
375	-3899.689066883160206370580976133218129754825896873607473816647613492129270880716
376	-4293.467773439863399932855779962450583923271326436245617071585193642520469722685
377	-4608.549917094148982860356140541117355651562249708969432722481193126169769484769
378	-4187.112940627484607193508544217133364033405877242539577648024629084137817444367
379	-4276.482080593110694831645580909784346472634939514031107830490615330966258213825
380	-4196.872444007965673398992043045638686828949855325496820403588596418210751938483
381	-4311.755211212560283796507941802152468695762079639385017075733610225089217154703
382	-4272.863911034208864358854928170745047648112030653211889348535051843822903571227
383	-4629.180128782725520466657261970833955573975001251237644309931330816823122687602
384	-4135.858295346556546881455783621885564709467411121748765082727565793761207463022
385	-4333.271469975950984466963271526485079519413537866212493005563119410601274150944
386	-4404.732880822551613617646478886319254183818728411222625202690380374908679243651
387	-4702.506951410544071173892095517866843911423189689811991431175746086431577808453
388	-4275.647253772071313464156145288079073921562857991049252172361136865729432522821
389	-4314.263488444467481046276329146956661000519650274248360705279289632433803407022
390	-4364.821122173381383189441016468676225820419855250109400360417675335698290118798
391	-4609.460518562803371771933728681803478779039658205452757034377167882663033072528
392	-4078.921735267095781624227943132645099389300049077748935577832400844740510198665
393	-4090.787720230020504542906221389231993383038910013110714192877524027284617943133
394	-4302.864201418390504667540485812880240513965268510790796434541236424143834914571
395	-4437.991093474264685766824803552716662079303722998208357661345840454611248052408
396	-4229.372939920305411824592646517016139384179334983177480240181081707200012544888
397	-4375.715418251650791220314011197557107914191295905041729404129050608197022259267
398	-4357.50215355657656721167738616473728231281863228172858457253997745881114171027
399	-4655.531609106341394769213833165575107563940905464569496232404392793692158617042
400	-4358.418863638058113751213267397716703974088828705539767765852108548542668910021
401	-4445.675336877134923794236081485778904444076742006677303304093694458946813303504
402	-4154.028820459369651296122116941856438945748962059577487467088099406935533258748
403	-4211.337980552202532207914776739018577380737866194014311663965807579862712330894
404	-4056.57561470442621778800133193919751557527687687731952163093740728121067052823
405	-4191.575667863300192779661900328864851279612146567242214882634318240158190604945
406	-4174.669076820590117698426654094130593031833946588836776353893964543088154227568
407	-4419.395875899276378822118712907446096671603049168572214138866050582833614541724
408	-4289.915213802397836896967392436665928753986062200808565625881761357562556364222
409	-4411.204017932737200148464501747473897955580517674776951319501799860241988970709
410	-4150.094162193795228560587726985818496344205754162264086653141954250915762540141
411	-4199.252421741592534404481509376685328775063925335712335140252433115608152280834
412	-4080.808395953222757585624998305893168891972385671144046400969342095589328158449
413	-4240.163059247108145779091910043420438170419423226882897304982320905014215694542
414	-4410.615019269389735108022672022168366680118947132382569084317719629479419153569
415	-5035.662146985220576601243776300622765323838559533671246611072012982494594445286
416	-4443.218928281587684298529828027971785243130401190389986823252505735693908163429
417	-4766.793135360344175905261506202548803961460719981400561800713308904145655161589
418	-3918.877987717885919758804479840489097124066744143644845597967066708547880429666
419	-3944.231444977989602708586763501696219533383695027373321706633270567892506159153
420	-3935.553684484300767725260340369077874675056249057033880606618457232694725959834
421	-3938.427220642697628179535397127123144930873670002035198146433014667493415850271
422	-4241.015837723001443035240123871296086221017771505879656305127154793083162719339
423	-4301.485075372121948683077539923755335902280273909015545643727792415599509386516
424	-4017.096207452156060153022691293507171875090495524332745949923318891917243027001
425	-4022.361405423797206181407754947165902270638669655292765783026671582763935411439
426	-4500.299402552697723118556568130293388036980513472727374965131691188261014681735
427	-4713.54666416419798239927330665603908628028682750221818844357594214747377096194
428	-4205.332905094643512342596323163631067162466043483655312809592401927982068063999
429	-4248.772738954133246212362708433341082831481409125951433406032193963372722515174
430	-4067.270205087489299941005123253536667084617372822993937027758633453038497392782
431	-4145.26687241223068535026565832487064463132713043940715260065829716840989993728
432	-4225.022034169474931493750056088083201466510987939155474424852495352844042155891
433	-4273.340981328421602410310832548598233972193383089902036780842425590916796214099
434	-4191.80897048925821090783799849824576673849195342519590150689368501639563712832
435	-4287.55210376312445026830482862796205292988361226494079932987881672970138904441
436	-4195.120266170648824159922019067881126999304617861771293388320315434060310857998
437	-4236.446905922559811209244551934095550559911753415150118980121878612765463489527
438	-4370.432645581369956664686877547608239361883596817983239788799459917789444181757
439	-4773.170251798448748431066971837625664641095482777503804925296348430234456036816
440	-4198.749481241909267821382971371011915462787802288307699999963559726935964446271
441	-4229.880593919831586073923288048450752151716874693983218012302050410994843441718
442	-4320.845241380807627436697472274299201898087252997274129736989048510122555606633
443	-4447.397844938059505357362239447987246859612706297406053358241393897255245422872
444	-4327.675486456601584810081902869317212707090205857929073193038592148408504217873
445	-4496.541326241879324261581077880883328064012234459270858046333311901668889428568
446	-4138.110310245048265221199224606932638812845324953084194921648617585734633385519
447	-4153.089086759711789314292273369708858428754850342549545748528603100096005816548
448	-4149.577794963005443676356738819479034087418967795016220287739925772550937556947
449	-4293.765221088089460094607445624490060778779526731755070490778910989710005307994
450	-4137.821941406169183630778680059883731714825912636041988298639738705951305827323
451	-4259.838179861273916336685303495635961362933308022281162323894961493141119614932
452	-4168.367081344811885888169308594999575249228807421069780045291204510695184889744
453	-4291.652850021511235990671684477022449557954210067414154185393101671639658286296
454	-4335.208595918895463889803558645461750534967486401999143668400907661014920033987
455	-4507.890079582503795048830825900478722483272630859326354457950281828329812659587
456	-4355.035041589876589265465667858053549989134676807058171341963244301478477253628
457	-4518.224629797186228418639122572469491396421126126054286325934632118374015139531
458	-4189.350935995841934923023707587202014772440559121666947730049033124599307939935
459	-4246.442403254664588698443580946912293093838313434777999014604710944649060548704
460	-3774.0440415572299939318974791097029209247524975486064860582597213354021711092
461	-3873.201598023983264287930925336961072908112523380802472886974195135579677817586
462	-4321.895222951597583794328127569999904863524194928973130380543083355674715059703
463	-4505.204379921048887861539642349545975539918137702556766429068370444618038273363
464	-4236.438659176134403847016481217527379766914786591617772673115525474505675080319
465	-4623.340250387333101852558718251274817490451891449933052485185229677946263308771
466	-4388.128492682646575591130896773574165124775559961970660653758011113820602370514
467	-4484.25969957780968812260456149455076456299511702165457593949795538212071120687
468	-3975.349762939463954393940390990771866057185736898778370383131231584669124519241
469	-3985.849192513701538374997104756188338558536422780908268920617261610086706529106
470	-4334.719323497373161726038775655969130062834616742066185650238534411591248771928
471	-4713.835663999618357245338066918743138387986801018575136933090078367849175209234
472	-4149.488690409968820780657554502772147054127328115791431708543737311060128855371
473	-4349.848937957376368644929560401867039963242055109005527642154748354882981129516
474	-4269.596980342760521145960158725847778868662729767803610117438513733463554571004
475	-4495.008416543796552822420442325187832409065730958075796187149477148049128441039
476	-4181.00169970307627183526206384771813379740417779427651788497309637669602013394
477	-4260.748085389015785680752460314293487393668629623295655212000992637052947868849
478	-4104.694841259409414367864096344111225897104284827629616986056002347099397685811
479	-4164.498139142783167676172105647915665389214469610803394716857770025118854406075
480	-4144.204545387254700053872825990452713149829127772368524698228182300000812751289
481	-4191.628276914934099887144943003690852724297739986229110597586159862950854309454
482	-4090.286642319262839399611714564908468192299913811951346461806537287175953355454
483	-4221.661367817198563001000090842965010609371735538050438486767952480824173158653
484	-4241.677576595110041974823250453093556134181204234762559239844825409921790381491
485	-4255.780633551607911481153630465769665660453121556102901895195800527761706819738
486	-4079.815160453932317904697878308486911816931451474809656545516347082961222655813
487	-4107.650562544868016182342911303782424075425253502228461303710040661673897572733
488	-4419.127989387727798183306973439147831083360000796861669387766934837329052114287
489	-4720.138707421622245273428419749868682120565973853278526990065234208871669953697
490	-4092.897938648652313153453673877157787283771724801429531447783446628821164413003
491	-4175.104390519626865466356628406075463022611847371252978298471020903317581181615
492	-4127.081641296143149022463795067280513689118575735534436814519303531152873473647
493	-4176.704728675150210082168446969056965716969570232882878032757478374951167011006
494	-4261.715434135053092781014665549287519078086561740762880297272327524582522458433
495	-4345.087638522612521168523057095693786338803325565436748608356702922512249769099
496	-4393.005431916592364866763437872732523988706462553276826539960787444568637148959
497	-4767.910602290745217277270717927042803508640606771284403844107814523798001203232
498	-4326.284951551994869863849813362872726499380280028540973451534980640747165852904
499	-4556.156112202749280891926700794491972547034216166239739496404328743680244341408
